"날짜","종가","시가","고가","저가","거래량","변동 %"
"2025- 10- 15","434.14","434.82","438.57","433.84","3.39M","1.14%"
"2025- 10- 14","429.24","426.79","434.20","417.86","72.67M","-1.53%"
"2025- 10- 13","435.90","423.53","436.89","419.70","79.55M","5.42%"
"2025- 10- 10","413.49","436.54","443.13","411.45","112.11M","-5.06%"
"2025- 10- 09","435.54","431.81","436.35","426.18","69.34M","-0.72%"
"2025- 10- 08","438.69","437.57","441.33","425.23","71.19M","1.29%"
"2025- 10- 07","433.09","447.82","452.68","432.45","102.30M","-4.45%"
"2025- 10- 06","453.25","440.75","453.55","436.69","85.32M","5.45%"
"2025- 10- 03","429.83","443.29","446.77","416.58","133.19M","-1.42%"
"2025- 10- 02","436.00","470.54","470.75","435.57","137.01M","-5.11%"
"2025- 10- 01","459.46","443.80","462.29","440.75","98.12M","3.31%"
"2025- 09- 30","444.72","441.52","445.00","433.12","74.36M","0.34%"
"2025- 09- 29","443.21","444.35","450.98","439.50","79.49M","0.64%"
"2025- 09- 26","440.40","428.30","440.47","421.02","101.63M","4.02%"
"2025- 09- 25","423.39","435.24","435.35","419.08","96.75M","-4.38%"
"2025- 09- 24","442.79","429.83","444.21","429.03","93.13M","3.98%"
"2025- 09- 23","425.85","439.88","440.97","423.72","83.42M","-1.93%"
"2025- 09- 22","434.21","431.11","444.98","429.13","97.11M","1.91%"
"2025- 09- 19","426.07","421.82","429.47","421.72","93.13M","2.21%"
"2025- 09- 18","416.85","428.86","432.22","416.56","90.45M","-2.12%"
"2025- 09- 17","425.86","415.75","428.31","409.67","106.13M","1.01%"
"2025- 09- 16","421.62","414.49","423.25","411.43","104.29M","2.82%"
"2025- 09- 15","410.04","423.13","425.70","402.43","163.82M","3.56%"
"2025- 09- 12","395.94","370.94","396.69","370.24","168.16M","7.36%"
"2025- 09- 11","368.81","350.17","368.99","347.60","103.76M","6.04%"
"2025- 09- 10","347.79","350.55","356.33","346.07","72.12M","0.24%"
"2025- 09- 09","346.97","348.44","350.77","343.82","53.82M","0.16%"
"2025- 09- 08","346.40","354.64","358.44","344.84","75.21M","-1.27%"
"2025- 09- 05","350.84","348.00","355.87","344.68","108.99M","3.64%"
"2025- 09- 04","338.53","336.15","338.89","331.48","60.71M","1.33%"
"2025- 09- 03","334.09","335.20","343.33","328.51","88.73M","1.44%"
"2025- 09- 02","329.36","328.23","333.33","325.60","58.39M","-1.35%"
"2025- 08- 29","333.87","347.23","348.75","331.70","81.15M","-3.50%"
"2025- 08- 28","345.98","350.91","353.55","340.26","67.90M","-1.04%"
"2025- 08- 27","349.60","351.94","355.39","349.16","65.52M","-0.59%"
"2025- 08- 26","351.67","344.93","351.90","343.72","76.65M","1.46%"
"2025- 08- 25","346.60","338.90","349.53","335.03","86.67M","1.94%"
"2025- 08- 22","340.01","321.66","340.25","319.69","94.02M","6.22%"
"2025- 08- 21","320.11","322.08","324.90","318.68","55.74M","-1.17%"
"2025- 08- 20","323.90","329.22","331.37","314.60","77.48M","-1.64%"
"2025- 08- 19","329.31","335.79","340.55","327.85","75.96M","-1.75%"
"2025- 08- 18","335.16","329.62","336.27","329.59","56.96M","1.39%"
"2025- 08- 15","330.56","337.65","339.30","327.02","74.32M","-1.50%"
"2025- 08- 14","335.58","335.76","340.47","330.40","75.00M","-1.12%"
"2025- 08- 13","339.38","341.50","348.98","338.20","67.84M","-0.43%"
"2025- 08- 12","340.84","345.00","345.26","332.94","80.69M","0.53%"
"2025- 08- 11","339.03","335.00","346.64","334.15","105.32M","2.85%"
"2025- 08- 08","329.65","321.43","335.15","320.98","91.20M","2.29%"
"2025- 08- 07","322.27","319.79","322.40","316.16","66.66M","0.74%"
"2025- 08- 06","319.91","307.89","320.47","306.93","78.52M","3.62%"
"2025- 08- 05","308.72","308.95","312.45","305.50","57.96M","-0.17%"
"2025- 08- 04","309.26","309.08","312.12","303.00","78.68M","2.19%"
"2025- 08- 01","302.63","306.20","309.31","297.82","89.12M","-1.83%"
"2025- 07- 31","308.27","319.61","321.37","306.10","85.27M","-3.38%"
"2025- 07- 30","319.04","322.18","324.45","311.62","83.93M","-0.67%"
"2025- 07- 29","321.20","325.55","326.25","318.25","87.36M","-1.35%"
"2025- 07- 28","325.59","318.45","330.49","315.69","112.67M","3.02%"
"2025- 07- 25","316.06","308.74","323.63","308.01","148.23M","3.52%"
"2025- 07- 24","305.30","310.00","310.15","300.41","156.97M","-8.20%"
"2025- 07- 23","332.56","330.90","336.20","328.67","92.55M","0.14%"
"2025- 07- 22","332.11","329.74","335.41","321.55","77.37M","1.10%"
"2025- 07- 21","328.49","334.40","338.00","326.88","75.77M","-0.35%"
"2025- 07- 18","329.65","321.66","330.90","321.42","94.25M","3.21%"
"2025- 07- 17","319.41","323.15","324.34","317.06","73.92M","-0.70%"
"2025- 07- 16","321.67","312.80","323.50","312.62","97.28M","3.50%"
"2025- 07- 15","310.78","319.67","321.20","310.50","77.56M","-1.93%"
"2025- 07- 14","316.90","317.73","322.60","312.67","78.04M","1.08%"
"2025- 07- 11","313.51","307.89","314.09","305.65","79.24M","1.17%"
"2025- 07- 10","309.87","300.05","310.48","300.00","104.37M","4.73%"
"2025- 07- 09","295.88","297.55","300.15","293.55","75.59M","-0.65%"
"2025- 07- 08","297.81","297.00","304.05","294.35","103.25M","1.32%"
"2025- 07- 07","293.94","291.37","296.15","288.77","131.18M","-6.79%"
"2025- 07- 03","315.35","317.99","318.45","312.76","58.04M","-0.10%"
"2025- 07- 02","315.65","312.63","316.83","303.82","119.48M","4.97%"
"2025- 07- 01","300.71","298.46","305.89","293.21","145.09M","-5.34%"
"2025- 06- 30","317.66","319.90","325.58","316.60","76.70M","-1.84%"
"2025- 06- 27","323.63","324.51","329.34","317.49","89.07M","-0.66%"
"2025- 06- 26","325.78","324.61","331.05","323.61","80.44M","-0.54%"
"2025- 06- 25","327.55","342.70","343.00","320.40","119.85M","-3.79%"
"2025- 06- 24","340.47","356.17","356.26","340.44","114.74M","-2.35%"
"2025- 06- 23","348.68","327.54","357.54","327.48","190.72M","8.23%"
"2025- 06- 20","322.16","327.95","332.36","317.78","108.69M","0.03%"
"2025- 06- 18","322.05","317.31","329.32","315.45","95.14M","1.80%"
"2025- 06- 17","316.35","326.09","327.26","314.74","88.28M","-3.88%"
"2025- 06- 16","329.13","331.29","332.05","326.41","83.93M","1.17%"
"2025- 06- 13","325.31","313.97","332.99","313.30","128.96M","1.94%"
"2025- 06- 12","319.11","323.08","332.56","316.86","105.13M","-2.24%"
"2025- 06- 11","326.43","334.39","335.50","322.50","122.61M","0.10%"
"2025- 06- 10","326.09","314.94","327.83","310.67","151.26M","5.67%"
"2025- 06- 09","308.58","285.95","309.83","281.85","140.91M","4.55%"
"2025- 06- 06","295.14","298.83","305.50","291.14","164.75M","3.67%"
"2025- 06- 05","284.70","322.49","324.55","273.21","292.82M","-14.26%"
"2025- 06- 04","332.05","345.10","345.60","327.33","98.91M","-3.55%"
"2025- 06- 03","344.27","346.60","355.40","343.04","99.32M","0.46%"
"2025- 06- 02","342.69","343.50","348.02","333.33","81.87M","-1.09%"
"2025- 05- 30","346.46","355.52","363.68","345.29","123.47M","-3.34%"
"2025- 05- 29","358.43","365.29","367.71","356.00","88.55M","0.43%"
"2025- 05- 28","356.90","364.84","365.00","355.91","91.40M","-1.65%"
"2025- 05- 27","362.89","347.35","363.79","347.32","120.15M","6.94%"
"2025- 05- 23","339.34","337.92","343.18","333.21","84.65M","-0.50%"
"2025- 05- 22","341.04","331.90","347.27","331.39","97.11M","1.92%"
"2025- 05- 21","334.62","344.43","347.35","332.20","102.35M","-2.68%"
"2025- 05- 20","343.82","347.87","354.99","341.63","131.72M","0.51%"
"2025- 05- 19","342.09","336.30","343.00","333.37","88.87M","-2.25%"
"2025- 05- 16","349.98","346.24","351.62","342.33","95.90M","2.09%"
"2025- 05- 15","342.82","340.34","346.14","334.72","97.88M","-1.40%"
"2025- 05- 14","347.68","342.50","350.00","337.00","137.00M","4.07%"
"2025- 05- 13","334.07","320.00","337.59","316.80","136.99M","4.93%"
"2025- 05- 12","318.38","321.99","322.21","311.50","112.83M","6.75%"
"2025- 05- 09","298.26","290.21","307.04","290.00","132.39M","4.72%"
"2025- 05- 08","284.82","279.63","289.80","279.41","97.54M","3.11%"
"2025- 05- 07","276.22","276.88","277.92","271.00","71.88M","0.32%"
"2025- 05- 06","275.35","273.11","277.73","271.35","76.72M","-1.75%"
"2025- 05- 05","280.26","284.57","284.85","274.40","94.62M","-2.42%"
"2025- 05- 02","287.21","284.90","294.78","279.81","114.45M","2.38%"
"2025- 05- 01","280.52","280.01","290.87","279.81","99.66M","-0.58%"
"2025- 04- 30","282.16","279.90","284.45","270.78","128.96M","-3.38%"
"2025- 04- 29","292.03","285.50","293.32","279.47","108.91M","2.15%"
"2025- 04- 28","285.88","288.98","294.86","272.42","151.73M","0.33%"
"2025- 04- 25","284.95","261.69","286.85","259.63","167.56M","9.80%"
"2025- 04- 24","259.51","250.50","259.54","249.20","94.46M","3.50%"
"2025- 04- 23","250.74","254.86","259.45","244.43","150.38M","5.37%"
"2025- 04- 22","237.97","230.96","242.79","229.85","120.86M","4.60%"
"2025- 04- 21","227.50","230.26","232.21","222.79","97.77M","-5.75%"
"2025- 04- 17","241.37","243.47","244.34","237.68","83.40M","-0.07%"
"2025- 04- 16","241.55","247.61","251.97","233.89","112.38M","-4.94%"
"2025- 04- 15","254.11","249.91","258.75","247.54","79.59M","0.70%"
"2025- 04- 14","252.35","258.36","261.80","245.93","100.14M","0.02%"
"2025- 04- 11","252.31","251.84","257.74","241.36","128.95M","-0.04%"
"2025- 04- 10","252.40","260.00","262.49","239.33","181.72M","-7.27%"
"2025- 04- 09","272.20","224.69","274.69","223.88","219.43M","22.69%"
"2025- 04- 08","221.86","245.00","250.44","217.80","171.60M","-4.90%"
"2025- 04- 07","233.29","223.78","252.00","214.25","183.45M","-2.56%"
"2025- 04- 04","239.43","255.38","261.00","236.00","181.23M","-10.42%"
"2025- 04- 03","267.28","265.29","276.30","261.51","136.17M","-5.47%"
"2025- 04- 02","282.76","254.60","284.99","251.27","212.79M","5.33%"
"2025- 04- 01","268.46","263.80","277.45","259.25","146.49M","3.59%"
"2025- 03- 31","259.16","249.31","260.56","243.36","134.01M","-1.67%"
"2025- 03- 28","263.55","275.58","276.10","260.57","123.81M","-3.51%"
"2025- 03- 27","273.13","272.48","291.85","271.82","162.57M","0.39%"
"2025- 03- 26","272.06","282.66","284.90","266.51","156.25M","-5.58%"
"2025- 03- 25","288.14","283.60","288.20","271.28","150.36M","3.50%"
"2025- 03- 24","278.39","258.08","278.64","256.33","169.08M","11.93%"
"2025- 03- 21","248.71","234.99","249.52","234.55","132.73M","5.27%"
"2025- 03- 20","236.26","233.35","238.00","230.05","99.03M","0.17%"
"2025- 03- 19","235.86","231.61","241.41","229.20","111.99M","4.68%"
"2025- 03- 18","225.31","228.15","230.10","222.28","111.48M","-5.34%"
"2025- 03- 17","238.01","245.05","245.40","232.80","111.90M","-4.79%"
"2025- 03- 14","249.98","247.31","251.58","240.73","100.24M","3.86%"
"2025- 03- 13","240.68","248.13","248.29","232.60","114.81M","-2.99%"
"2025- 03- 12","248.09","247.22","251.84","241.10","142.22M","7.59%"
"2025- 03- 11","230.58","225.30","237.06","217.02","174.90M","3.79%"
"2025- 03- 10","222.15","252.54","253.37","220.00","189.08M","-15.43%"
"2025- 03- 07","262.67","259.32","266.25","250.73","102.37M","-0.30%"
"2025- 03- 06","263.45","272.06","272.65","260.02","98.45M","-5.61%"
"2025- 03- 05","279.10","272.92","279.55","267.71","94.04M","2.60%"
"2025- 03- 04","272.04","270.93","284.35","261.84","126.71M","-4.43%"
"2025- 03- 03","284.65","300.34","303.94","277.30","115.55M","-2.84%"
"2025- 02- 28","292.98","279.50","293.88","273.60","115.70M","3.91%"
"2025- 02- 27","281.95","291.16","297.23","280.88","101.75M","-3.04%"
"2025- 02- 26","290.80","303.71","309.00","288.04","100.12M","-3.96%"
"2025- 02- 25","302.80","327.02","328.89","297.25","134.23M","-8.39%"
"2025- 02- 24","330.53","338.14","342.40","324.70","76.05M","-2.15%"
"2025- 02- 21","337.80","353.44","354.98","334.42","74.06M","-4.68%"
"2025- 02- 20","354.40","361.51","362.30","348.00","45.97M","-1.71%"
"2025- 02- 19","360.56","354.00","367.34","353.67","67.09M","1.82%"
"2025- 02- 18","354.11","355.01","359.10","350.02","51.63M","-0.49%"
"2025- 02- 14","355.84","360.62","362.00","347.50","68.28M","-0.03%"
"2025- 02- 13","355.94","345.00","358.69","342.85","89.44M","5.77%"
"2025- 02- 12","336.51","329.94","346.40","329.12","105.38M","2.44%"
"2025- 02- 11","328.50","345.80","349.37","325.10","118.54M","-6.34%"
"2025- 02- 10","350.73","356.21","362.70","350.51","77.51M","-3.01%"
"2025- 02- 07","361.62","370.19","380.55","360.34","70.30M","-3.39%"
"2025- 02- 06","374.32","373.03","375.40","363.18","77.92M","-1.02%"
"2025- 02- 05","378.17","387.51","388.39","375.53","57.61M","-3.58%"
"2025- 02- 04","392.21","382.63","394.00","381.40","57.07M","2.22%"
"2025- 02- 03","383.68","386.68","389.17","374.36","93.73M","-5.17%"
"2025- 01- 31","404.60","401.53","419.99","401.34","83.57M","1.08%"
"2025- 01- 30","400.28","410.78","412.50","384.41","98.09M","2.87%"
"2025- 01- 29","389.10","395.21","398.59","384.48","68.03M","-2.26%"
"2025- 01- 28","398.09","396.91","400.59","386.50","48.91M","0.24%"
"2025- 01- 27","397.15","394.80","406.69","389.00","58.13M","-2.32%"
"2025- 01- 24","406.58","414.45","418.88","405.78","56.43M","-1.41%"
"2025- 01- 23","412.38","416.06","420.73","408.95","50.69M","-0.66%"
"2025- 01- 22","415.11","416.81","428.00","414.59","60.96M","-2.11%"
"2025- 01- 21","424.07","432.64","433.20","406.31","87.32M","-0.57%"
"2025- 01- 17","426.50","421.50","439.74","419.75","94.99M","3.06%"
"2025- 01- 16","413.82","423.49","424.00","409.13","68.34M","-3.36%"
"2025- 01- 15","428.22","409.90","429.80","405.66","81.38M","8.04%"
"2025- 01- 14","396.36","414.34","422.64","394.54","84.57M","-1.72%"
"2025- 01- 13","403.31","383.21","403.79","380.07","67.58M","2.17%"
"2025- 01- 10","394.74","391.40","399.28","377.29","62.29M","-0.05%"
"2025- 01- 08","394.94","392.95","402.50","387.40","73.04M","0.15%"
"2025- 01- 07","394.36","405.83","414.33","390.00","75.70M","-4.06%"
"2025- 01- 06","411.05","423.20","426.43","401.70","85.52M","0.15%"
"2025- 01- 03","410.44","381.48","411.88","379.45","95.42M","8.22%"
"2025- 01- 02","379.28","390.10","392.73","373.04","109.71M","-6.08%"
"2024- 12- 31","403.84","423.79","427.93","402.54","76.83M","-3.25%"
"2024- 12- 30","417.41","419.40","427.00","415.75","64.94M","-3.30%"
"2024- 12- 27","431.66","449.52","450.00","426.50","82.67M","-4.95%"
"2024- 12- 26","454.13","465.16","465.33","451.02","76.65M","-1.76%"
"2024- 12- 24","462.28","435.90","462.78","435.14","59.55M","7.36%"
"2024- 12- 23","430.60","431.00","434.51","415.41","72.70M","2.27%"
"2024- 12- 20","421.06","425.51","447.08","417.64","132.22M","-3.46%"
"2024- 12- 19","436.17","451.88","456.36","420.02","118.57M","-0.90%"
"2024- 12- 18","440.13","466.49","488.54","427.01","149.34M","-8.28%"
"2024- 12- 17","479.86","475.90","483.99","457.51","131.22M","3.64%"
"2024- 12- 16","463.02","441.09","463.19","436.15","114.08M","6.14%"
"2024- 12- 13","436.23","420.00","436.30","415.71","89.00M","4.34%"
"2024- 12- 12","418.10","424.84","429.30","415.00","87.75M","-1.57%"
"2024- 12- 11","424.77","409.70","424.88","402.38","104.29M","5.93%"
"2024- 12- 10","400.99","392.68","409.73","390.85","97.56M","2.87%"
"2024- 12- 09","389.79","397.61","404.80","378.01","96.36M","0.15%"
"2024- 12- 06","389.22","377.42","389.49","370.80","81.46M","5.34%"
"2024- 12- 05","369.49","359.87","375.43","359.50","81.40M","3.23%"
"2024- 12- 04","357.93","353.00","358.10","348.60","50.81M","1.85%"
"2024- 12- 03","351.42","351.80","355.69","348.20","58.27M","-1.59%"
"2024- 12- 02","357.09","352.38","360.00","351.15","77.99M","3.46%"
"2024- 11- 29","345.16","336.08","345.45","334.65","37.17M","3.69%"
"2024- 11- 27","332.89","341.80","342.55","326.59","57.90M","-1.58%"
"2024- 11- 26","338.23","341.00","346.96","335.66","62.30M","-0.11%"
"2024- 11- 25","338.59","360.14","361.93","338.20","95.89M","-3.96%"
"2024- 11- 22","352.56","341.08","361.53","337.70","89.14M","3.80%"
"2024- 11- 21","339.64","343.81","347.99","335.28","58.01M","-0.70%"
"2024- 11- 20","342.03","345.00","346.60","334.30","66.34M","-1.15%"
"2024- 11- 19","346.00","335.76","347.38","332.75","88.85M","2.14%"
"2024- 11- 18","338.74","340.73","348.55","330.01","126.55M","5.62%"
"2024- 11- 15","320.72","310.57","324.68","309.22","114.44M","3.07%"
"2024- 11- 14","311.18","327.69","329.98","310.37","120.73M","-5.77%"
"2024- 11- 13","330.24","335.85","344.60","322.50","125.41M","0.53%"
"2024- 11- 12","328.49","342.74","345.84","323.31","155.73M","-6.15%"
"2024- 11- 11","350.00","346.30","358.64","336.00","210.52M","8.96%"
"2024- 11- 08","321.22","299.14","328.71","297.66","204.78M","8.19%"
"2024- 11- 07","296.91","288.89","299.75","285.52","117.31M","2.90%"
"2024- 11- 06","288.53","284.67","289.59","275.62","165.23M","14.75%"
"2024- 11- 05","251.44","247.34","255.28","246.21","69.28M","3.54%"
"2024- 11- 04","242.84","244.56","248.90","238.88","68.80M","-2.47%"
"2024- 11- 01","248.98","252.04","254.00","246.63","57.55M","-0.35%"
"2024- 10- 31","249.85","257.99","259.75","249.25","66.58M","-2.99%"
"2024- 10- 30","257.55","258.04","263.35","255.82","53.99M","-0.76%"
"2024- 10- 29","259.52","264.51","264.98","255.51","80.52M","-1.14%"
"2024- 10- 28","262.51","270.00","273.54","262.24","107.65M","-2.48%"
"2024- 10- 25","269.19","256.01","269.49","255.32","161.61M","3.34%"
"2024- 10- 24","260.48","244.68","262.12","242.65","204.49M","21.92%"
"2024- 10- 23","213.65","217.13","218.72","212.11","80.94M","-1.98%"
"2024- 10- 22","217.97","217.31","218.22","215.26","43.27M","-0.40%"
"2024- 10- 21","218.85","218.90","220.48","215.73","47.33M","-0.84%"
"2024- 10- 18","220.70","220.71","222.28","219.23","49.61M","-0.09%"
"2024- 10- 17","220.89","221.59","222.08","217.90","50.79M","-0.20%"
"2024- 10- 16","221.33","221.40","222.82","218.93","49.63M","0.80%"
"2024- 10- 15","219.57","220.01","224.26","217.12","62.99M","0.19%"
"2024- 10- 14","219.16","220.13","221.91","213.74","86.29M","0.62%"
"2024- 10- 11","217.80","220.13","223.34","214.38","142.63M","-8.78%"
"2024- 10- 10","238.77","241.81","242.79","232.34","83.09M","-0.95%"
"2024- 10- 09","241.05","243.82","247.43","239.51","66.29M","-1.41%"
"2024- 10- 08","244.50","243.56","246.21","240.56","56.30M","1.52%"
"2024- 10- 07","240.83","249.00","249.83","240.70","68.11M","-3.70%"
"2024- 10- 04","250.08","246.69","250.96","244.58","86.73M","3.91%"
"2024- 10- 03","240.66","244.48","249.79","237.81","80.73M","-3.36%"
"2024- 10- 02","249.02","247.55","251.16","241.50","93.98M","-3.49%"
"2024- 10- 01","258.02","262.67","263.98","248.53","87.40M","-1.38%"
"2024- 09- 30","261.63","259.04","264.86","255.77","80.87M","0.45%"
"2024- 09- 27","260.46","257.38","260.70","254.12","70.99M","2.45%"
"2024- 09- 26","254.22","260.60","261.75","251.53","67.14M","-1.09%"
"2024- 09- 25","257.02","252.54","257.05","252.28","65.03M","1.08%"
"2024- 09- 24","254.27","254.08","257.19","249.05","88.49M","1.71%"
"2024- 09- 23","250.00","242.61","250.00","241.92","86.93M","4.93%"
"2024- 09- 20","238.25","241.52","243.99","235.92","99.88M","-2.32%"
"2024- 09- 19","243.92","234.00","244.24","232.13","102.70M","7.36%"
"2024- 09- 18","227.20","230.09","235.68","226.88","78.01M","-0.29%"
"2024- 09- 17","227.87","229.45","234.57","226.55","66.76M","0.48%"
"2024- 09- 16","226.78","229.30","229.96","223.53","54.32M","-1.52%"
"2024- 09- 13","230.29","228.00","232.67","226.32","59.52M","0.21%"
"2024- 09- 12","229.81","224.66","231.45","223.83","72.02M","0.74%"
"2024- 09- 11","228.13","224.55","228.47","216.80","83.55M","0.87%"
"2024- 09- 10","226.17","220.07","226.40","218.64","78.89M","4.58%"
"2024- 09- 09","216.27","216.20","219.87","213.67","67.44M","2.63%"
"2024- 09- 06","210.73","232.60","233.60","210.51","112.18M","-8.45%"
"2024- 09- 05","230.17","223.49","235.00","222.25","119.36M","4.90%"
"2024- 09- 04","219.41","210.59","222.22","210.57","80.65M","4.18%"
"2024- 09- 03","210.60","215.26","219.90","209.64","76.71M","-1.64%"
"2024- 08- 30","214.11","208.63","214.57","207.03","63.37M","3.80%"
"2024- 08- 29","206.28","209.80","214.89","205.97","62.31M","0.26%"
"2024- 08- 28","205.75","209.72","211.84","202.59","64.12M","-1.65%"
"2024- 08- 27","209.21","213.25","215.66","206.94","62.82M","-1.88%"
"2024- 08- 26","213.21","218.75","219.09","211.01","59.30M","-3.23%"
"2024- 08- 23","220.32","214.46","221.48","214.21","81.53M","4.59%"
"2024- 08- 22","210.66","223.82","224.80","210.32","79.51M","-5.65%"
"2024- 08- 21","223.27","222.67","224.66","218.86","70.15M","0.98%"
"2024- 08- 20","221.10","224.88","228.22","219.56","74.00M","-0.73%"
"2024- 08- 19","222.72","217.07","222.98","214.09","76.44M","3.05%"
"2024- 08- 16","216.12","211.15","219.80","210.80","88.77M","0.92%"
"2024- 08- 15","214.14","205.02","215.88","204.82","89.85M","6.34%"
"2024- 08- 14","201.38","207.39","208.44","198.75","70.25M","-3.10%"
"2024- 08- 13","207.83","198.47","208.49","197.06","76.25M","5.24%"
"2024- 08- 12","197.49","199.02","199.26","194.67","64.05M","-1.25%"
"2024- 08- 09","200.00","197.05","200.88","195.11","58.65M","0.58%"
"2024- 08- 08","198.84","195.70","200.70","192.04","65.03M","3.69%"
"2024- 08- 07","191.76","200.77","203.49","191.48","71.16M","-4.43%"
"2024- 08- 06","200.64","200.75","202.90","192.67","73.78M","0.88%"
"2024- 08- 05","198.88","185.22","203.88","182.00","100.31M","-4.23%"
"2024- 08- 02","207.67","214.88","216.13","205.78","82.88M","-4.24%"
"2024- 08- 01","216.86","227.69","231.87","214.33","83.86M","-6.55%"
"2024- 07- 31","232.07","227.90","234.68","226.79","67.50M","4.24%"
"2024- 07- 30","222.62","232.25","232.41","220.00","100.56M","-4.08%"
"2024- 07- 29","232.10","224.90","234.27","224.70","129.20M","5.60%"
"2024- 07- 26","219.80","221.19","222.28","215.33","94.60M","-0.20%"
"2024- 07- 25","220.25","216.80","226.00","216.23","100.64M","1.97%"
"2024- 07- 24","215.99","225.42","225.99","214.71","167.94M","-12.33%"
"2024- 07- 23","246.38","253.60","255.76","245.63","111.93M","-2.04%"
"2024- 07- 22","251.51","244.21","253.21","243.75","101.23M","5.15%"
"2024- 07- 19","239.20","247.79","249.44","236.83","87.40M","-4.02%"
"2024- 07- 18","249.23","251.09","257.14","247.20","110.87M","0.29%"
"2024- 07- 17","248.50","252.73","258.47","246.18","115.59M","-3.14%"
"2024- 07- 16","256.56","255.31","258.62","245.80","126.33M","1.55%"
"2024- 07- 15","252.64","255.97","265.60","251.73","146.91M","1.78%"
"2024- 07- 12","248.23","235.80","251.84","233.09","155.96M","2.99%"
"2024- 07- 11","241.03","263.30","271.00","239.65","221.71M","-8.44%"
"2024- 07- 10","263.26","262.80","267.59","257.86","128.52M","0.35%"
"2024- 07- 09","262.33","251.00","265.61","250.30","160.74M","3.71%"
"2024- 07- 08","252.94","247.71","259.44","244.57","157.22M","0.56%"
"2024- 07- 05","251.52","249.81","252.37","242.46","154.50M","2.08%"
"2024- 07- 03","246.39","234.56","248.35","234.25","166.56M","6.54%"
"2024- 07- 02","231.26","218.89","231.30","218.06","205.05M","10.20%"
"2024- 07- 01","209.86","201.02","213.23","200.85","135.69M","6.05%"
"2024- 06- 28","197.88","199.55","203.20","195.26","95.44M","0.23%"
"2024- 06- 27","197.42","195.17","198.72","194.05","72.75M","0.53%"
"2024- 06- 26","196.37","186.54","197.76","186.36","95.74M","4.81%"
"2024- 06- 25","187.35","184.40","187.97","182.01","63.68M","2.61%"
"2024- 06- 24","182.58","184.97","188.80","182.55","61.99M","-0.23%"
"2024- 06- 21","183.01","182.30","183.95","180.69","63.03M","0.79%"
"2024- 06- 20","181.57","184.68","185.21","179.66","55.89M","-1.78%"
"2024- 06- 18","184.86","186.56","187.20","182.37","68.98M","-1.38%"
"2024- 06- 17","187.44","177.92","188.81","177.00","109.79M","5.30%"
"2024- 06- 14","178.01","185.80","186.00","176.92","82.04M","-2.44%"
"2024- 06- 13","182.47","188.39","191.08","181.23","118.98M","2.92%"
"2024- 06- 12","177.29","171.12","180.55","169.80","90.39M","3.88%"
"2024- 06- 11","170.66","173.92","174.75","167.41","64.76M","-1.80%"
"2024- 06- 10","173.79","176.06","178.57","173.17","50.87M","-2.08%"
"2024- 06- 07","177.48","176.13","179.35","175.58","56.25M","-0.26%"
"2024- 06- 06","177.94","174.60","179.73","172.73","69.89M","1.68%"
"2024- 06- 05","175.00","175.35","176.15","172.13","57.95M","0.13%"
"2024- 06- 04","174.77","174.77","177.76","174.00","60.06M","-0.86%"
"2024- 06- 03","176.29","178.13","182.64","174.49","68.57M","-1.01%"
"2024- 05- 31","178.08","178.50","180.32","173.82","67.32M","-0.40%"
"2024- 05- 30","178.79","178.57","182.67","175.38","77.79M","1.48%"
"2024- 05- 29","176.19","174.19","178.15","173.93","54.78M","-0.32%"
"2024- 05- 28","176.75","176.40","178.25","173.16","59.74M","-1.39%"
"2024- 05- 24","179.24","174.84","180.08","173.73","65.58M","3.17%"
"2024- 05- 23","173.74","181.80","181.90","173.26","71.98M","-3.54%"
"2024- 05- 22","180.11","182.85","183.80","178.12","88.31M","-3.48%"
"2024- 05- 21","186.60","175.51","186.88","174.71","115.27M","6.66%"
"2024- 05- 20","174.95","177.56","177.75","173.52","61.73M","-1.41%"
"2024- 05- 17","177.46","173.55","179.63","172.75","77.45M","1.50%"
"2024- 05- 16","174.84","174.10","175.79","171.43","59.81M","0.49%"
"2024- 05- 15","173.99","179.90","180.00","173.11","79.66M","-2.01%"
"2024- 05- 14","177.55","174.50","179.49","174.07","86.41M","3.29%"
"2024- 05- 13","171.89","170.00","175.40","169.00","67.02M","2.03%"
"2024- 05- 10","168.47","173.05","173.06","167.75","72.63M","-2.04%"
"2024- 05- 09","171.97","175.01","175.62","171.37","65.95M","-1.57%"
"2024- 05- 08","174.72","171.59","176.06","170.15","79.97M","-1.74%"
"2024- 05- 07","177.81","182.40","183.26","177.40","75.05M","-3.76%"
"2024- 05- 06","184.76","183.80","187.56","182.20","84.39M","1.97%"
"2024- 05- 03","181.19","182.10","184.78","178.42","75.49M","0.66%"
"2024- 05- 02","180.01","182.86","184.60","176.02","89.15M","0.01%"
"2024- 05- 01","179.99","182.00","185.86","179.01","92.83M","-1.80%"
"2024- 04- 30","183.28","186.98","190.95","182.84","127.03M","-5.55%"
"2024- 04- 29","194.05","188.42","198.87","184.54","243.87M","15.31%"
"2024- 04- 26","168.29","168.85","172.12","166.37","109.82M","-1.11%"
"2024- 04- 25","170.18","158.96","170.88","158.36","126.43M","4.97%"
"2024- 04- 24","162.13","162.84","167.97","157.51","181.18M","12.06%"
"2024- 04- 23","144.68","143.33","147.26","141.11","124.55M","1.85%"
"2024- 04- 22","142.05","140.56","144.44","138.80","107.10M","-3.40%"
"2024- 04- 19","147.05","148.97","150.94","146.22","87.08M","-1.92%"
"2024- 04- 18","149.93","151.25","152.20","148.70","96.10M","-3.55%"
"2024- 04- 17","155.45","157.64","158.33","153.78","82.44M","-1.06%"
"2024- 04- 16","157.11","156.74","158.19","153.75","97.00M","-2.71%"
"2024- 04- 15","161.48","170.24","170.69","161.38","100.25M","-5.59%"
"2024- 04- 12","171.05","172.34","173.81","170.36","64.72M","-2.03%"
"2024- 04- 11","174.60","172.55","175.88","168.51","94.52M","1.65%"
"2024- 04- 10","171.76","173.04","174.93","170.01","84.53M","-2.89%"
"2024- 04- 09","176.88","172.91","179.22","171.92","103.23M","2.25%"
"2024- 04- 08","172.98","169.34","174.50","167.79","104.42M","4.90%"
"2024- 04- 05","164.90","169.08","170.86","160.51","143.16M","-3.63%"
"2024- 04- 04","171.11","170.07","177.19","168.01","123.16M","1.62%"
"2024- 04- 03","168.38","164.02","168.82","163.28","82.95M","1.05%"
"2024- 04- 02","166.63","164.75","167.69","163.43","116.65M","-4.90%"
"2024- 04- 01","175.22","176.17","176.75","170.21","81.56M","-0.32%"
"2024- 03- 28","175.79","177.45","179.57","175.30","77.66M","-2.25%"
"2024- 03- 27","179.83","181.41","181.91","176.00","81.80M","1.22%"
"2024- 03- 26","177.67","178.58","184.25","177.38","113.19M","2.92%"
"2024- 03- 25","172.63","168.76","175.24","168.73","74.23M","1.05%"
"2024- 03- 22","170.83","166.69","171.20","166.30","75.58M","-1.15%"
"2024- 03- 21","172.82","176.39","178.18","171.80","73.18M","-1.62%"
"2024- 03- 20","175.66","173.00","176.25","170.82","83.85M","2.53%"
"2024- 03- 19","171.32","172.36","172.82","167.42","77.27M","-1.43%"
"2024- 03- 18","173.80","170.02","174.72","165.90","108.21M","6.25%"
"2024- 03- 15","163.57","163.16","165.18","160.76","97.15M","0.66%"
"2024- 03- 14","162.50","167.77","171.17","160.51","126.33M","-4.12%"
"2024- 03- 13","169.48","173.05","176.05","169.15","106.53M","-4.54%"
"2024- 03- 12","177.54","177.77","179.43","172.41","87.39M","-0.13%"
"2024- 03- 11","177.77","175.45","182.87","174.80","85.39M","1.39%"
"2024- 03- 08","175.34","181.50","182.73","174.70","85.55M","-1.85%"
"2024- 03- 07","178.65","174.35","180.04","173.70","102.13M","1.20%"
"2024- 03- 06","176.54","179.99","181.58","173.70","107.92M","-2.32%"
"2024- 03- 05","180.74","183.05","184.59","177.57","119.66M","-3.93%"
"2024- 03- 04","188.14","198.73","199.75","186.72","134.34M","-7.16%"
"2024- 03- 01","202.64","200.52","204.52","198.50","82.24M","0.38%"
"2024- 02- 29","201.88","204.18","205.28","198.45","85.91M","-0.08%"
"2024- 02- 28","202.04","200.42","205.30","198.44","99.81M","1.16%"
"2024- 02- 27","199.73","204.04","205.60","198.26","108.65M","0.17%"
"2024- 02- 26","199.40","192.29","201.78","192.00","111.75M","3.87%"
"2024- 02- 23","191.97","195.31","197.57","191.50","78.84M","-2.76%"
"2024- 02- 22","197.41","194.00","198.32","191.36","92.74M","1.36%"
"2024- 02- 21","194.77","193.36","199.44","191.95","103.84M","0.52%"
"2024- 02- 20","193.76","196.13","198.60","189.13","104.55M","-3.10%"
"2024- 02- 16","199.95","202.06","203.17","197.40","111.35M","-0.25%"
"2024- 02- 15","200.45","189.16","200.88","188.86","120.83M","6.22%"
"2024- 02- 14","188.71","185.30","188.89","183.35","81.20M","2.55%"
"2024- 02- 13","184.02","183.99","187.26","182.11","86.76M","-2.18%"
"2024- 02- 12","188.13","192.11","194.73","187.28","95.50M","-2.81%"
"2024- 02- 09","193.57","190.18","194.12","189.48","84.48M","2.12%"
"2024- 02- 08","189.56","189.00","191.62","185.58","83.03M","1.06%"
"2024- 02- 07","187.58","188.18","189.79","182.68","111.54M","1.34%"
"2024- 02- 06","185.10","177.21","186.49","177.11","122.68M","2.23%"
"2024- 02- 05","181.06","184.26","184.68","175.01","134.29M","-3.65%"
"2024- 02- 02","187.91","185.04","188.69","182.00","110.61M","-0.50%"
"2024- 02- 01","188.86","188.50","189.88","184.28","91.84M","0.84%"
"2024- 01- 31","187.29","186.99","193.97","185.85","103.22M","-2.24%"
"2024- 01- 30","191.59","195.33","196.36","190.61","109.98M","0.35%"
"2024- 01- 29","190.93","185.63","191.48","183.67","125.01M","4.19%"
"2024- 01- 26","183.25","185.50","186.78","182.10","107.34M","0.34%"
"2024- 01- 25","182.63","189.70","193.00","180.06","198.08M","-12.13%"
"2024- 01- 24","207.83","211.88","212.73","206.77","123.37M","-0.63%"
"2024- 01- 23","209.14","211.30","215.65","207.75","106.61M","0.16%"
"2024- 01- 22","208.80","212.26","217.80","206.27","117.95M","-1.60%"
"2024- 01- 19","212.19","209.99","213.19","207.56","102.26M","0.15%"
"2024- 01- 18","211.88","216.88","217.45","208.74","108.60M","-1.70%"
"2024- 01- 17","215.55","214.86","215.67","212.01","103.16M","-1.98%"
"2024- 01- 16","219.91","215.10","223.49","212.18","115.36M","0.47%"
"2024- 01- 12","218.89","220.08","225.34","217.15","123.04M","-3.67%"
"2024- 01- 11","227.22","230.57","230.93","225.37","105.87M","-2.87%"
"2024- 01- 10","233.94","235.10","235.50","231.29","91.63M","-0.43%"
"2024- 01- 09","234.96","238.11","238.96","232.04","96.71M","-2.28%"
"2024- 01- 08","240.45","236.14","241.25","235.30","85.17M","1.25%"
"2024- 01- 05","237.49","236.86","240.12","234.90","92.49M","-0.18%"
"2024- 01- 04","237.93","239.25","242.70","237.73","102.63M","-0.22%"
"2024- 01- 03","238.45","244.98","245.68","236.32","121.08M","-4.01%"
"2024- 01- 02","248.42","250.08","251.25","244.41","104.65M","-0.02%"
"2023- 12- 29","248.48","255.10","255.19","247.43","100.89M","-1.86%"
"2023- 12- 28","253.18","263.66","265.13","252.71","113.62M","-3.16%"
"2023- 12- 27","261.44","258.35","263.34","257.52","106.49M","1.88%"
"2023- 12- 26","256.61","254.49","257.97","252.91","86.89M","1.61%"
"2023- 12- 22","252.54","256.76","258.22","251.37","93.37M","-0.77%"
"2023- 12- 21","254.50","251.90","254.80","248.55","109.59M","2.98%"
"2023- 12- 20","247.14","256.41","259.84","247.00","125.10M","-3.92%"
"2023- 12- 19","257.22","253.48","258.34","253.01","106.74M","2.04%"
"2023- 12- 18","252.08","253.78","258.74","251.36","116.42M","-0.56%"
"2023- 12- 15","253.50","251.21","254.13","248.30","135.93M","0.98%"
"2023- 12- 14","251.05","241.22","253.88","240.79","160.83M","4.91%"
"2023- 12- 13","239.29","234.19","240.30","228.20","146.29M","0.96%"
"2023- 12- 12","237.01","238.55","238.99","233.87","95.33M","-1.14%"
"2023- 12- 11","239.74","242.74","243.44","237.45","97.91M","-1.68%"
"2023- 12- 08","243.84","240.27","245.27","239.27","103.13M","0.49%"
"2023- 12- 07","242.64","241.55","244.08","236.98","107.14M","1.37%"
"2023- 12- 06","239.37","242.92","246.57","239.17","126.44M","0.27%"
"2023- 12- 05","238.72","233.87","246.66","233.70","137.97M","1.33%"
"2023- 12- 04","235.58","235.75","239.37","233.29","104.10M","-1.36%"
"2023- 12- 01","238.83","233.14","240.19","231.90","121.33M","-0.52%"
"2023- 11- 30","240.08","245.14","245.22","236.91","132.35M","-1.66%"
"2023- 11- 29","244.14","249.21","252.75","242.76","135.40M","-1.05%"
"2023- 11- 28","246.72","236.68","247.00","234.01","148.55M","4.51%"
"2023- 11- 27","236.08","236.89","238.33","232.10","112.03M","0.27%"
"2023- 11- 24","235.45","233.75","238.75","232.33","65.13M","0.53%"
"2023- 11- 22","234.21","242.04","244.01","231.40","118.12M","-2.90%"
"2023- 11- 21","241.20","235.04","243.62","233.34","122.29M","2.38%"
"2023- 11- 20","235.60","234.04","237.10","231.02","116.56M","0.55%"
"2023- 11- 17","234.30","232.00","237.39","226.54","142.77M","0.30%"
"2023- 11- 16","233.59","239.49","240.88","230.96","136.82M","-3.81%"
"2023- 11- 15","242.84","239.29","246.70","236.45","150.35M","2.29%"
"2023- 11- 14","237.41","235.03","238.13","230.72","149.77M","6.12%"
"2023- 11- 13","223.71","215.60","225.40","211.61","140.45M","4.22%"
"2023- 11- 10","214.65","210.03","215.38","205.69","131.31M","2.22%"
"2023- 11- 09","209.98","219.75","220.80","206.68","142.11M","-5.46%"
"2023- 11- 08","222.11","223.15","224.15","217.64","106.59M","-0.03%"
"2023- 11- 07","222.18","219.98","223.12","215.72","116.90M","1.33%"
"2023- 11- 06","219.27","223.98","226.32","215.00","117.34M","-0.31%"
"2023- 11- 03","219.96","221.15","226.37","218.40","119.54M","0.66%"
"2023- 11- 02","218.51","212.97","219.20","211.45","125.99M","6.25%"
"2023- 11- 01","205.66","204.04","205.99","197.85","121.66M","2.40%"
"2023- 10- 31","200.84","196.12","202.80","194.07","118.07M","1.76%"
"2023- 10- 30","197.36","209.28","210.88","194.67","136.45M","-4.79%"
"2023- 10- 27","207.30","210.60","212.41","205.77","94.88M","0.75%"
"2023- 10- 26","205.76","211.32","214.80","204.88","115.11M","-3.14%"
"2023- 10- 25","212.42","215.88","220.10","212.20","107.07M","-1.89%"
"2023- 10- 24","216.52","216.50","222.05","214.11","118.23M","2.09%"
"2023- 10- 23","212.08","210.00","216.98","202.51","150.68M","0.04%"
"2023- 10- 20","211.99","217.01","218.86","210.42","138.01M","-3.69%"
"2023- 10- 19","220.11","225.95","230.61","216.78","170.77M","-9.30%"
"2023- 10- 18","242.68","252.70","254.63","242.08","125.15M","-4.78%"
"2023- 10- 17","254.85","250.10","257.18","247.08","93.56M","0.37%"
"2023- 10- 16","253.92","250.05","255.40","248.48","88.92M","1.12%"
"2023- 10- 13","251.12","258.90","259.60","250.22","102.30M","-2.99%"
"2023- 10- 12","258.87","262.92","265.41","256.63","111.51M","-1.57%"
"2023- 10- 11","262.99","266.20","268.60","260.90","103.71M","-0.24%"
"2023- 10- 10","263.62","257.75","268.94","257.65","122.66M","1.52%"
"2023- 10- 09","259.67","255.31","261.36","252.05","101.38M","-0.33%"
"2023- 10- 06","260.53","253.98","261.65","250.65","118.12M","0.18%"
"2023- 10- 05","260.05","260.00","263.60","256.25","119.16M","-0.43%"
"2023- 10- 04","261.16","248.14","261.86","247.60","129.72M","5.93%"
"2023- 10- 03","246.53","248.61","250.02","244.45","101.99M","-2.02%"
"2023- 10- 02","251.60","244.81","254.28","242.62","123.81M","0.55%"
"2023- 09- 29","250.22","250.00","254.77","246.35","128.52M","1.56%"
"2023- 09- 28","246.38","240.02","247.55","238.65","117.06M","2.44%"
"2023- 09- 27","240.50","244.26","245.33","234.58","136.60M","-1.48%"
"2023- 09- 26","244.12","242.98","249.55","241.66","101.99M","-1.16%"
"2023- 09- 25","246.99","243.38","247.10","238.31","104.64M","0.86%"
"2023- 09- 22","244.88","257.40","257.79","244.48","127.52M","-4.23%"
"2023- 09- 21","255.70","257.85","260.86","254.21","119.95M","-2.62%"
"2023- 09- 20","262.59","267.04","273.93","262.46","122.52M","-1.47%"
"2023- 09- 19","266.50","264.35","267.85","261.20","103.70M","0.46%"
"2023- 09- 18","265.28","271.16","271.44","263.76","101.54M","-3.32%"
"2023- 09- 15","274.39","277.55","278.98","271.00","133.69M","-0.60%"
"2023- 09- 14","276.04","271.32","276.71","270.42","107.71M","1.75%"
"2023- 09- 13","271.30","270.07","274.98","268.10","111.67M","1.43%"
"2023- 09- 12","267.48","270.76","278.39","266.60","136.00M","-2.23%"
"2023- 09- 11","273.58","264.27","274.85","260.61","174.67M","10.09%"
"2023- 09- 08","248.50","251.22","256.52","246.67","118.56M","-1.19%"
"2023- 09- 07","251.49","245.07","252.81","243.26","115.31M","-0.17%"
"2023- 09- 06","251.92","255.13","255.39","245.06","116.96M","-1.78%"
"2023- 09- 05","256.49","245.00","258.00","244.86","129.47M","4.69%"
"2023- 09- 01","245.01","257.26","259.08","242.01","132.54M","-5.06%"
"2023- 08- 31","258.08","255.98","261.18","255.05","108.86M","0.46%"
"2023- 08- 30","256.90","254.20","260.51","250.59","121.99M","-0.11%"
"2023- 08- 29","257.18","238.58","257.48","237.77","134.05M","7.69%"
"2023- 08- 28","238.82","242.58","244.38","235.35","107.67M","0.10%"
"2023- 08- 25","238.59","231.31","239.00","230.35","106.61M","3.72%"
"2023- 08- 24","230.04","238.66","238.92","228.18","99.78M","-2.88%"
"2023- 08- 23","236.86","229.34","238.98","229.29","101.08M","1.57%"
"2023- 08- 22","233.19","240.25","240.82","229.55","130.60M","0.83%"
"2023- 08- 21","231.28","221.55","232.13","220.58","135.70M","7.33%"
"2023- 08- 18","215.49","214.12","217.58","212.36","136.28M","-1.70%"
"2023- 08- 17","219.22","226.06","226.74","218.83","120.72M","-2.83%"
"2023- 08- 16","225.60","228.02","233.97","225.38","112.49M","-3.16%"
"2023- 08- 15","232.96","238.73","240.50","232.61","88.20M","-2.84%"
"2023- 08- 14","239.76","235.70","240.66","233.75","98.60M","-1.19%"
"2023- 08- 11","242.65","241.77","243.79","238.02","99.04M","-1.10%"
"2023- 08- 10","245.34","245.40","251.80","243.00","109.50M","1.30%"
"2023- 08- 09","242.19","250.87","251.10","241.90","101.60M","-3.01%"
"2023- 08- 08","249.70","247.45","250.92","245.01","96.64M","-0.70%"
"2023- 08- 07","251.45","251.45","253.65","242.76","111.10M","-0.95%"
"2023- 08- 04","253.86","260.97","264.77","253.11","99.54M","-2.11%"
"2023- 08- 03","259.32","252.04","260.49","252.00","97.83M","2.05%"
"2023- 08- 02","254.11","255.57","259.52","250.49","101.75M","-2.67%"
"2023- 08- 01","261.07","266.26","266.47","260.25","83.65M","-2.38%"
"2023- 07- 31","267.43","267.48","269.08","263.78","84.58M","0.37%"
"2023- 07- 28","266.44","259.86","267.25","258.23","111.45M","4.20%"
"2023- 07- 27","255.71","268.31","269.13","255.30","103.70M","-3.27%"
"2023- 07- 26","264.35","263.25","268.04","261.75","95.86M","-0.35%"
"2023- 07- 25","265.28","272.38","272.90","265.00","112.76M","-1.40%"
"2023- 07- 24","269.06","255.85","269.85","254.12","137.00M","3.48%"
"2023- 07- 21","260.02","268.00","268.00","255.80","161.80M","-1.10%"
"2023- 07- 20","262.90","279.56","280.93","261.20","175.16M","-9.74%"
"2023- 07- 19","291.26","296.04","299.29","289.52","142.36M","-0.71%"
"2023- 07- 18","293.34","290.15","295.26","286.01","112.44M","1.02%"
"2023- 07- 17","290.38","286.63","292.23","283.57","131.57M","3.20%"
"2023- 07- 14","281.38","277.01","285.30","276.31","120.06M","1.25%"
"2023- 07- 13","277.90","274.59","279.45","270.60","112.68M","2.17%"
"2023- 07- 12","271.99","276.33","276.52","271.46","95.67M","0.82%"
"2023- 07- 11","269.79","268.65","270.90","266.37","91.97M","0.07%"
"2023- 07- 10","269.61","276.47","277.52","265.10","119.43M","-1.76%"
"2023- 07- 07","274.43","278.43","280.78","273.77","113.88M","-0.76%"
"2023- 07- 06","276.54","278.09","279.97","272.88","120.71M","-2.10%"
"2023- 07- 05","282.48","278.82","283.85","277.60","131.53M","0.95%"
"2023- 07- 03","279.82","276.49","284.25","275.11","119.69M","6.90%"
"2023- 06- 30","261.77","260.60","264.45","259.89","112.62M","1.66%"
"2023- 06- 29","257.50","258.03","260.74","253.61","131.28M","0.49%"
"2023- 06- 28","256.24","249.70","259.88","248.89","159.77M","2.41%"
"2023- 06- 27","250.21","243.24","250.39","240.85","164.97M","3.80%"
"2023- 06- 26","241.05","250.07","258.37","240.70","179.99M","-6.06%"
"2023- 06- 23","256.60","259.29","262.45","252.80","177.46M","-3.03%"
"2023- 06- 22","264.61","250.77","265.00","248.25","166.88M","1.98%"
"2023- 06- 21","259.46","275.13","276.99","257.78","211.80M","-5.46%"
"2023- 06- 20","274.45","261.50","274.75","261.12","165.61M","5.34%"
"2023- 06- 16","260.54","258.92","263.60","257.21","167.92M","1.81%"
"2023- 06- 15","255.90","248.40","258.95","247.29","160.17M","-0.35%"
"2023- 06- 14","256.79","260.17","261.57","250.50","170.58M","-0.74%"
"2023- 06- 13","258.71","253.51","259.68","251.34","162.38M","3.55%"
"2023- 06- 12","249.83","247.94","250.97","244.59","150.74M","2.22%"
"2023- 06- 09","244.40","249.07","252.42","242.02","200.24M","4.06%"
"2023- 06- 08","234.86","224.22","235.23","223.01","164.49M","4.58%"
"2023- 06- 07","224.57","228.00","230.83","223.20","185.71M","1.47%"
"2023- 06- 06","221.31","216.14","221.91","212.53","146.91M","1.70%"
"2023- 06- 05","217.61","217.80","221.29","214.52","151.14M","1.70%"
"2023- 06- 02","213.97","210.15","217.25","209.75","164.40M","3.11%"
"2023- 06- 01","207.52","202.59","209.80","199.37","148.03M","1.76%"
"2023- 05- 31","203.93","199.78","203.95","195.12","150.71M","1.38%"
"2023- 05- 30","201.16","200.10","204.48","197.53","128.82M","4.14%"
"2023- 05- 26","193.17","184.62","198.60","184.53","162.06M","4.72%"
"2023- 05- 25","184.47","186.54","186.78","180.58","96.87M","0.86%"
"2023- 05- 24","182.90","182.23","184.22","178.22","137.60M","-1.54%"
"2023- 05- 23","185.77","186.20","192.96","185.26","156.95M","-1.64%"
"2023- 05- 22","188.87","180.70","189.32","180.11","132.00M","4.85%"
"2023- 05- 19","180.14","177.17","181.95","176.31","136.20M","1.84%"
"2023- 05- 18","176.89","174.22","177.06","172.45","109.52M","1.74%"
"2023- 05- 17","173.86","168.41","174.50","167.18","125.47M","4.41%"
"2023- 05- 16","166.52","165.65","169.52","164.35","98.29M","0.10%"
"2023- 05- 15","166.35","167.65","169.76","164.55","105.59M","-0.97%"
"2023- 05- 12","167.98","176.07","177.38","167.23","157.85M","-2.38%"
"2023- 05- 11","172.08","168.70","173.57","166.79","103.89M","2.10%"
"2023- 05- 10","168.54","172.55","174.43","166.68","119.84M","-0.36%"
"2023- 05- 09","169.15","168.95","169.82","166.56","88.97M","-1.54%"
"2023- 05- 08","171.79","173.72","173.80","169.19","112.25M","1.02%"
"2023- 05- 05","170.06","163.97","170.79","163.51","107.61M","5.50%"
"2023- 05- 04","161.20","162.71","162.95","159.65","95.11M","0.37%"
"2023- 05- 03","160.61","160.01","165.00","159.91","119.73M","0.19%"
"2023- 05- 02","160.31","161.88","165.49","158.93","128.26M","-0.94%"
"2023- 05- 01","161.83","163.17","163.28","158.83","109.02M","-1.51%"
"2023- 04- 28","164.31","160.90","165.00","157.32","122.52M","2.57%"
"2023- 04- 27","160.19","152.64","160.48","152.37","127.02M","4.19%"
"2023- 04- 26","153.75","160.29","160.67","153.14","153.36M","-4.31%"
"2023- 04- 25","160.67","159.82","163.47","158.75","122.00M","-1.16%"
"2023- 04- 24","162.55","164.65","165.65","158.61","140.01M","-1.53%"
"2023- 04- 21","165.08","164.80","166.00","161.32","123.54M","1.28%"
"2023- 04- 20","162.99","166.16","169.70","160.56","210.97M","-9.75%"
"2023- 04- 19","180.59","179.10","183.50","177.65","125.73M","-2.02%"
"2023- 04- 18","184.31","187.15","187.69","183.58","92.07M","-1.46%"
"2023- 04- 17","187.04","186.32","189.69","182.69","116.66M","1.10%"
"2023- 04- 14","185.00","183.95","186.28","182.01","96.44M","-0.48%"
"2023- 04- 13","185.90","182.96","186.50","180.94","112.93M","2.97%"
"2023- 04- 12","180.54","190.74","191.58","180.31","150.26M","-3.35%"
"2023- 04- 11","186.79","186.69","189.19","185.65","115.77M","1.24%"
"2023- 04- 10","184.51","179.94","185.10","176.11","142.16M","-0.30%"
"2023- 04- 06","185.06","183.08","186.39","179.74","123.86M","-0.25%"
"2023- 04- 05","185.52","190.51","190.68","183.76","133.88M","-3.67%"
"2023- 04- 04","192.58","197.32","198.74","190.32","126.46M","-1.12%"
"2023- 04- 03","194.77","199.91","202.69","192.20","169.55M","-6.12%"
"2023- 03- 31","207.46","197.53","207.79","197.20","170.22M","6.24%"
"2023- 03- 30","195.28","195.58","197.33","194.42","110.25M","0.72%"
"2023- 03- 29","193.88","193.13","195.29","189.44","123.66M","2.48%"
"2023- 03- 28","189.19","192.00","192.35","185.43","98.66M","-1.37%"
"2023- 03- 27","191.81","194.41","197.39","189.94","120.85M","0.74%"
"2023- 03- 24","190.41","191.65","192.36","187.15","116.53M","-0.94%"
"2023- 03- 23","192.22","195.26","199.31","188.65","144.19M","0.56%"
"2023- 03- 22","191.15","199.30","200.66","190.95","150.38M","-3.25%"
"2023- 03- 21","197.58","188.28","198.00","188.04","153.39M","7.82%"
"2023- 03- 20","183.25","178.08","186.44","176.35","129.68M","1.73%"
"2023- 03- 17","180.13","184.51","186.22","177.33","133.20M","-2.17%"
"2023- 03- 16","184.13","180.37","185.81","178.84","121.37M","2.04%"
"2023- 03- 15","180.45","180.80","182.34","176.03","146.00M","-1.53%"
"2023- 03- 14","183.26","177.31","183.80","177.14","143.72M","5.03%"
"2023- 03- 13","174.48","167.46","177.35","163.91","167.79M","0.60%"
"2023- 03- 10","173.44","175.13","178.29","168.44","191.49M","0.30%"
"2023- 03- 09","172.92","180.25","185.18","172.51","170.02M","-4.99%"
"2023- 03- 08","182.00","185.04","186.50","180.00","151.90M","-3.04%"
"2023- 03- 07","187.71","191.38","194.20","186.10","148.13M","-3.15%"
"2023- 03- 06","193.81","198.54","198.60","192.30","128.10M","-2.01%"
"2023- 03- 03","197.79","194.79","200.48","192.88","154.19M","3.61%"
"2023- 03- 02","190.90","186.74","193.75","186.01","181.98M","-5.85%"
"2023- 03- 01","202.77","206.21","207.20","198.52","156.85M","-1.43%"
"2023- 02- 28","205.71","210.59","211.23","203.75","153.14M","-0.92%"
"2023- 02- 27","207.63","202.03","209.42","201.26","161.03M","5.46%"
"2023- 02- 24","196.88","196.32","197.67","192.80","142.23M","-2.57%"
"2023- 02- 23","202.07","203.91","205.14","196.33","146.36M","0.60%"
"2023- 02- 22","200.86","197.93","201.99","191.78","191.83M","1.77%"
"2023- 02- 21","197.37","204.99","209.71","197.22","180.02M","-5.25%"
"2023- 02- 17","208.31","199.99","208.44","197.50","213.74M","3.10%"
"2023- 02- 16","202.04","210.78","217.65","201.84","229.59M","-5.69%"
"2023- 02- 15","214.24","211.76","214.66","206.11","182.11M","2.38%"
"2023- 02- 14","209.25","191.94","209.82","189.44","216.46M","7.51%"
"2023- 02- 13","194.64","194.41","196.30","187.61","172.48M","-1.14%"
"2023- 02- 10","196.89","202.23","206.20","192.89","204.75M","-5.03%"
"2023- 02- 09","207.32","207.77","214.00","204.77","215.43M","3.00%"
"2023- 02- 08","201.29","196.10","203.00","194.31","180.67M","2.28%"
"2023- 02- 07","196.81","196.43","197.50","189.55","186.01M","1.05%"
"2023- 02- 06","194.76","193.01","198.17","189.92","186.19M","2.52%"
"2023- 02- 03","189.98","183.95","199.00","183.69","232.66M","0.91%"
"2023- 02- 02","188.27","187.32","196.75","182.61","217.45M","3.78%"
"2023- 02- 01","181.41","173.89","183.80","169.93","213.81M","4.73%"
"2023- 01- 31","173.22","164.57","174.30","162.78","196.81M","3.94%"
"2023- 01- 30","166.66","178.05","179.77","166.50","230.88M","-6.32%"
"2023- 01- 27","177.90","162.43","180.68","161.17","306.59M","11.00%"
"2023- 01- 26","160.27","159.96","161.42","154.76","234.82M","10.97%"
"2023- 01- 25","144.43","141.90","146.41","138.07","192.73M","0.38%"
"2023- 01- 24","143.89","143.00","146.50","141.10","158.70M","0.10%"
"2023- 01- 23","143.75","135.87","145.38","134.27","203.12M","7.74%"
"2023- 01- 20","133.42","128.68","133.51","127.35","138.86M","4.91%"
"2023- 01- 19","127.17","127.26","129.99","124.31","170.29M","-1.25%"
"2023- 01- 18","128.78","136.55","136.68","127.01","195.68M","-2.06%"
"2023- 01- 17","131.49","125.69","131.70","125.02","186.48M","7.43%"
"2023- 01- 13","122.40","116.55","122.63","115.60","180.71M","-0.94%"
"2023- 01- 12","123.56","122.56","124.13","117.00","169.40M","0.28%"
"2023- 01- 11","123.22","122.09","125.95","120.51","183.81M","3.68%"
"2023- 01- 10","118.85","121.07","122.76","114.92","167.64M","-0.77%"
"2023- 01- 09","119.77","118.96","123.52","117.11","190.28M","5.93%"
"2023- 01- 06","113.06","103.00","114.39","101.81","220.91M","2.47%"
"2023- 01- 05","110.34","110.51","111.75","107.16","157.99M","-2.90%"
"2023- 01- 04","113.64","109.11","114.59","107.52","180.39M","5.12%"
"2023- 01- 03","108.10","118.47","118.80","104.64","231.40M","-12.24%"
"2022- 12- 30","123.18","119.95","124.48","119.75","157.78M","1.12%"
"2022- 12- 29","121.82","120.39","123.57","117.50","221.92M","8.08%"
"2022- 12- 28","112.71","110.35","116.27","108.24","221.07M","3.31%"
"2022- 12- 27","109.10","117.50","119.67","108.76","208.64M","-11.41%"
"2022- 12- 23","123.15","126.37","128.62","121.02","166.99M","-1.76%"
"2022- 12- 22","125.35","136.00","136.63","122.26","210.09M","-8.88%"
"2022- 12- 21","137.57","139.34","141.26","135.89","145.42M","-0.17%"
"2022- 12- 20","137.80","146.05","148.47","137.66","159.56M","-8.05%"
"2022- 12- 19","149.87","154.00","155.25","145.82","139.39M","-0.24%"
"2022- 12- 16","150.23","159.63","160.99","150.04","139.03M","-4.72%"
"2022- 12- 15","157.67","153.44","160.93","153.28","122.33M","0.55%"
"2022- 12- 14","156.80","159.25","161.62","155.31","140.68M","-2.58%"
"2022- 12- 13","160.95","174.87","175.05","156.91","175.86M","-4.09%"
"2022- 12- 12","167.82","176.10","177.37","167.52","109.79M","-6.27%"
"2022- 12- 09","179.05","173.84","182.50","173.36","104.87M","3.23%"
"2022- 12- 08","173.44","172.20","175.20","169.06","97.62M","-0.34%"
"2022- 12- 07","174.04","175.03","179.38","172.22","84.21M","-3.21%"
"2022- 12- 06","179.82","181.21","183.65","175.33","92.15M","-1.44%"
"2022- 12- 05","182.45","189.44","191.27","180.55","93.12M","-6.37%"
"2022- 12- 02","194.86","191.78","196.25","191.11","73.65M","0.08%"
"2022- 12- 01","194.70","197.08","198.92","191.80","80.05M","0.00%"
"2022- 11- 30","194.70","182.43","194.76","180.63","109.19M","7.67%"
"2022- 11- 29","180.83","184.99","186.38","178.75","83.36M","-1.14%"
"2022- 11- 28","182.92","179.96","188.50","179.00","93.04M","0.03%"
"2022- 11- 25","182.86","185.06","185.20","180.63","50.67M","-0.19%"
"2022- 11- 23","183.20","173.57","183.62","172.50","109.54M","7.82%"
"2022- 11- 22","169.91","168.63","170.92","166.18","78.45M","1.22%"
"2022- 11- 21","167.87","175.85","176.77","167.54","92.88M","-6.84%"
"2022- 11- 18","180.19","185.05","185.19","176.55","76.05M","-1.63%"
"2022- 11- 17","183.17","183.96","186.16","180.90","64.34M","-2.01%"
"2022- 11- 16","186.92","191.51","192.57","185.66","66.57M","-3.86%"
"2022- 11- 15","194.42","195.88","200.82","192.06","91.29M","1.82%"
"2022- 11- 14","190.95","192.77","195.73","186.34","92.23M","-2.56%"
"2022- 11- 11","195.97","186.00","196.52","182.59","114.40M","2.75%"
"2022- 11- 10","190.72","189.90","191.00","180.03","132.70M","7.39%"
"2022- 11- 09","177.59","190.77","195.89","177.12","127.06M","-7.17%"
"2022- 11- 08","191.30","194.02","195.20","186.75","128.80M","-2.93%"
"2022- 11- 07","197.08","208.65","208.90","196.66","93.92M","-5.01%"
"2022- 11- 04","207.47","222.60","223.80","203.08","98.62M","-3.64%"
"2022- 11- 03","215.31","211.36","221.20","210.14","56.54M","0.15%"
"2022- 11- 02","214.98","226.04","227.87","214.82","63.07M","-5.64%"
"2022- 11- 01","227.82","234.05","237.40","227.28","62.69M","0.12%"
"2022- 10- 31","227.54","226.19","229.85","221.94","61.55M","-0.43%"
"2022- 10- 28","228.52","225.40","228.86","216.35","69.15M","1.52%"
"2022- 10- 27","225.09","229.77","233.81","222.85","61.64M","0.20%"
"2022- 10- 26","224.64","219.40","230.60","218.20","85.33M","1.00%"
"2022- 10- 25","222.41","210.10","224.35","210.00","96.51M","5.29%"
"2022- 10- 24","211.25","205.82","213.50","198.59","100.45M","-1.49%"
"2022- 10- 21","214.44","206.41","214.66","203.80","75.71M","3.45%"
"2022- 10- 20","207.28","208.28","215.55","202.00","117.80M","-6.65%"
"2022- 10- 19","222.04","219.80","222.93","217.78","66.57M","0.84%"
"2022- 10- 18","220.19","229.50","229.82","217.25","75.89M","0.38%"
"2022- 10- 17","219.35","210.04","221.86","209.45","79.43M","7.01%"
"2022- 10- 14","204.99","224.01","226.26","204.16","94.13M","-7.55%"
"2022- 10- 13","221.72","208.30","222.99","206.22","91.48M","2.06%"
"2022- 10- 12","217.24","215.33","219.30","211.51","66.86M","0.34%"
"2022- 10- 11","216.50","220.95","225.75","215.00","77.01M","-2.90%"
"2022- 10- 10","222.96","223.93","226.99","218.36","67.93M","-0.05%"
"2022- 10- 07","223.07","233.93","234.57","222.02","83.92M","-6.32%"
"2022- 10- 06","238.13","239.44","244.58","235.35","69.30M","-1.11%"
"2022- 10- 05","240.81","245.01","246.67","233.27","86.98M","-3.46%"
"2022- 10- 04","249.44","250.52","257.50","242.01","109.58M","2.90%"
"2022- 10- 03","242.40","254.50","255.16","241.01","98.36M","-8.61%"
"2022- 09- 30","265.25","266.14","275.57","262.47","67.73M","-1.10%"
"2022- 09- 29","268.21","282.76","283.65","265.78","77.62M","-6.81%"
"2022- 09- 28","287.81","283.08","289.00","277.57","54.67M","1.72%"
"2022- 09- 27","282.94","283.84","288.67","277.51","61.93M","2.51%"
"2022- 09- 26","276.01","271.83","284.09","270.31","58.08M","0.25%"
"2022- 09- 23","275.33","283.09","284.50","272.82","63.75M","-4.59%"
"2022- 09- 22","288.59","299.86","301.29","285.82","70.55M","-4.06%"
"2022- 09- 21","300.80","308.29","313.80","300.63","62.56M","-2.57%"
"2022- 09- 20","308.73","306.91","313.33","305.58","61.64M","-0.11%"
"2022- 09- 19","309.07","300.09","309.84","297.80","60.23M","1.89%"
"2022- 09- 16","303.35","299.61","303.71","295.60","87.09M","-0.13%"
"2022- 09- 15","303.75","301.83","309.12","300.72","64.80M","0.38%"
"2022- 09- 14","302.61","292.24","306.00","291.64","72.63M","3.59%"
"2022- 09- 13","292.13","292.90","297.40","290.40","68.23M","-4.04%"
"2022- 09- 12","304.42","300.72","305.49","300.40","48.68M","1.58%"
"2022- 09- 09","299.68","291.67","299.85","291.24","54.47M","3.60%"
"2022- 09- 08","289.26","281.30","289.50","279.76","53.71M","1.96%"
"2022- 09- 07","283.70","273.10","283.84","272.27","50.03M","3.38%"
"2022- 09- 06","274.42","272.67","275.99","265.74","55.86M","1.56%"
"2022- 09- 02","270.21","281.07","282.35","269.08","50.89M","-2.51%"
"2022- 09- 01","277.16","272.58","277.58","266.15","54.29M","0.56%"
"2022- 08- 31","275.61","280.62","281.25","271.81","52.11M","-0.75%"
"2022- 08- 30","277.70","287.86","288.48","272.65","50.54M","-2.50%"
"2022- 08- 29","284.82","282.83","287.74","280.70","41.87M","-1.14%"
"2022- 08- 26","288.09","297.43","302.00","287.47","57.16M","-2.70%"
"2022- 08- 25","296.07","302.36","302.96","291.60","53.23M","-0.35%"
"2022- 08- 24","297.10","297.56","303.65","296.50","57.26M","0.22%"
"2022- 08- 23","296.45","291.45","298.83","287.92","63.99M","2.26%"
"2022- 08- 22","289.91","291.91","292.40","286.30","55.84M","-2.28%"
"2022- 08- 19","296.67","299.00","300.36","292.50","61.40M","-2.05%"
"2022- 08- 18","302.87","306.00","306.50","301.85","47.50M","-0.37%"
"2022- 08- 17","304.00","303.40","309.66","300.03","68.77M","-0.84%"
"2022- 08- 16","306.56","311.67","314.67","302.88","88.14M","-0.89%"
"2022- 08- 15","309.32","301.79","313.13","301.23","89.36M","3.10%"
"2022- 08- 12","300.03","289.41","300.16","285.03","79.66M","4.68%"
"2022- 08- 11","286.63","296.51","298.24","285.83","70.16M","-2.62%"
"2022- 08- 10","294.36","297.07","297.51","283.37","94.92M","3.89%"
"2022- 08- 09","283.33","290.29","292.40","279.35","86.25M","-2.44%"
"2022- 08- 08","290.42","295.00","305.20","289.09","99.37M","0.78%"
"2022- 08- 05","288.17","302.67","304.61","285.54","113.17M","-6.63%"
"2022- 08- 04","308.63","311.00","313.61","305.00","72.26M","0.40%"
"2022- 08- 03","307.40","305.00","309.55","301.15","80.09M","2.27%"
"2022- 08- 02","300.59","294.00","307.83","292.67","95.58M","1.11%"
"2022- 08- 01","297.28","301.27","311.88","295.00","117.04M","0.04%"
"2022- 07- 29","297.15","280.70","298.32","279.10","95.31M","5.78%"
"2022- 07- 28","280.90","280.07","283.30","272.80","84.72M","2.21%"
"2022- 07- 27","274.82","263.81","275.93","261.79","88.11M","6.17%"
"2022- 07- 26","258.86","266.51","267.31","256.26","66.82M","-3.57%"
"2022- 07- 25","268.43","272.22","274.15","267.40","64.07M","-1.40%"
"2022- 07- 22","272.24","276.22","280.79","270.71","103.47M","0.20%"
"2022- 07- 21","271.71","255.11","273.27","254.87","142.03M","9.78%"
"2022- 07- 20","247.50","246.78","250.66","243.48","88.86M","0.80%"
"2022- 07- 19","245.53","245.00","247.14","236.98","80.89M","2.07%"
"2022- 07- 18","240.55","244.94","250.52","239.60","82.54M","0.20%"
"2022- 07- 15","240.07","240.00","243.62","236.89","69.68M","0.74%"
"2022- 07- 14","238.31","234.90","238.65","229.33","78.56M","0.54%"
"2022- 07- 13","237.04","225.50","242.06","225.03","97.96M","1.70%"
"2022- 07- 12","233.07","236.85","239.77","228.37","87.93M","-0.54%"
"2022- 07- 11","234.34","252.10","253.06","233.63","99.51M","-6.55%"
"2022- 07- 08","250.76","242.33","254.98","241.16","101.85M","2.54%"
"2022- 07- 07","244.54","233.92","245.36","232.21","81.93M","5.53%"
"2022- 07- 06","231.73","230.78","234.56","227.19","71.85M","-0.57%"
"2022- 07- 05","233.07","223.00","233.15","216.17","84.78M","2.55%"
"2022- 07- 01","227.26","227.00","230.23","222.12","74.46M","1.24%"
"2022- 06- 30","224.47","224.51","229.46","218.86","94.60M","-1.76%"
"2022- 06- 29","228.49","230.50","231.17","222.27","82.90M","-1.79%"
"2022- 06- 28","232.66","244.48","249.97","232.34","90.67M","-5.00%"
"2022- 06- 27","244.92","249.37","252.07","242.57","89.18M","-0.32%"
"2022- 06- 24","245.71","237.47","246.07","236.09","95.77M","4.52%"
"2022- 06- 23","235.07","237.90","239.32","228.64","104.20M","-0.43%"
"2022- 06- 22","236.09","234.50","246.83","233.83","101.53M","-0.40%"
"2022- 06- 21","237.04","224.60","243.58","224.33","122.79M","9.35%"
"2022- 06- 17","216.76","213.43","220.97","213.20","92.64M","1.72%"
"2022- 06- 16","213.10","222.74","225.17","208.69","107.39M","-8.54%"
"2022- 06- 15","233.00","220.92","235.66","218.15","119.13M","5.48%"
"2022- 06- 14","220.89","218.29","226.33","211.74","97.99M","2.39%"
"2022- 06- 13","215.74","223.17","226.63","214.68","102.77M","-7.10%"
"2022- 06- 10","232.23","235.16","239.50","227.91","98.09M","-3.12%"
"2022- 06- 09","239.71","249.34","255.55","239.33","96.49M","-0.89%"
"2022- 06- 08","241.87","240.09","249.96","239.18","76.21M","1.25%"
"2022- 06- 07","238.89","234.00","240.00","230.09","72.81M","0.25%"
"2022- 06- 06","238.28","244.35","244.87","234.35","84.21M","1.60%"
"2022- 06- 03","234.52","243.22","247.80","233.42","112.39M","-9.22%"
"2022- 06- 02","258.33","244.16","264.21","242.07","93.47M","4.68%"
"2022- 06- 01","246.79","251.72","257.33","243.64","77.25M","-2.36%"
"2022- 05- 31","252.75","257.95","259.60","244.74","101.91M","-0.18%"
"2022- 05- 27","253.21","241.08","253.27","240.18","89.30M","7.33%"
"2022- 05- 26","235.91","220.47","239.56","217.89","106.00M","7.43%"
"2022- 05- 25","219.60","207.95","223.11","207.67","92.14M","4.88%"
"2022- 05- 24","209.39","217.84","217.97","206.86","89.09M","-6.93%"
"2022- 05- 23","224.97","218.34","226.65","212.69","88.90M","1.66%"
"2022- 05- 20","221.30","238.00","240.53","211.00","144.97M","-6.42%"
"2022- 05- 19","236.47","235.67","244.67","231.37","90.30M","-0.05%"
"2022- 05- 18","236.60","248.17","253.50","233.60","87.81M","-6.80%"
"2022- 05- 17","253.87","249.12","254.83","242.95","80.24M","5.14%"
"2022- 05- 16","241.46","255.72","256.59","239.70","86.10M","-5.88%"
"2022- 05- 13","256.53","257.83","262.45","250.52","92.15M","5.71%"
"2022- 05- 12","242.67","233.67","253.22","226.67","140.31M","-0.82%"
"2022- 05- 11","244.67","265.00","269.92","242.40","97.23M","-8.25%"
"2022- 05- 10","266.68","273.10","275.12","258.08","84.40M","1.64%"
"2022- 05- 09","262.37","278.82","281.88","260.38","90.81M","-9.07%"
"2022- 05- 06","288.55","295.67","296.00","281.03","72.90M","-0.87%"
"2022- 05- 05","291.09","313.07","315.20","285.90","92.52M","-8.33%"
"2022- 05- 04","317.54","301.31","318.50","295.09","81.64M","4.77%"
"2022- 05- 03","303.08","301.06","308.03","296.20","63.71M","0.70%"
"2022- 05- 02","300.98","286.92","302.12","282.68","75.78M","3.70%"
"2022- 04- 29","290.25","300.75","311.47","290.00","88.13M","-0.77%"
"2022- 04- 28","292.50","299.99","300.00","273.90","124.95M","-0.45%"
"2022- 04- 27","293.84","299.53","306.00","292.45","76.96M","0.58%"
"2022- 04- 26","292.14","331.81","333.33","291.67","136.13M","-12.18%"
"2022- 04- 25","332.67","326.32","336.21","325.10","68.34M","-0.70%"
"2022- 04- 22","335.02","338.30","344.95","331.33","69.70M","-0.37%"
"2022- 04- 21","336.26","358.24","364.07","332.14","105.42M","3.23%"
"2022- 04- 20","325.73","343.33","344.67","325.08","70.71M","-4.96%"
"2022- 04- 19","342.72","335.02","344.98","331.77","49.85M","2.38%"
"2022- 04- 18","334.76","329.68","338.31","324.47","51.72M","1.96%"
"2022- 04- 14","328.33","333.10","337.57","327.40","58.42M","-3.66%"
"2022- 04- 13","340.79","327.02","342.08","324.37","55.12M","3.59%"
"2022- 04- 12","328.98","332.55","340.40","325.53","65.98M","1.13%"
"2022- 04- 11","325.31","326.80","336.16","324.88","59.36M","-4.83%"
"2022- 04- 08","341.83","347.74","349.48","340.81","55.01M","-3.00%"
"2022- 04- 07","352.42","350.80","358.86","340.51","79.45M","1.10%"
"2022- 04- 06","348.59","357.82","359.67","342.57","89.35M","-4.17%"
"2022- 04- 05","363.75","378.77","384.29","362.43","80.08M","-4.73%"
"2022- 04- 04","381.82","363.13","383.30","357.51","82.18M","5.61%"
"2022- 04- 01","361.53","360.38","364.92","355.55","54.26M","0.65%"
"2022- 03- 31","359.20","364.86","367.71","358.88","48.99M","-1.50%"
"2022- 03- 30","364.66","363.72","371.32","361.33","59.87M","-0.51%"
"2022- 03- 29","366.52","369.33","371.59","357.70","73.61M","0.71%"
"2022- 03- 28","363.95","355.03","365.96","351.20","102.51M","8.04%"
"2022- 03- 25","336.88","336.00","340.60","332.44","62.03M","-0.32%"
"2022- 03- 24","337.97","336.58","341.50","329.60","68.92M","1.48%"
"2022- 03- 23","333.04","326.65","346.90","325.47","120.68M","0.52%"
"2022- 03- 22","331.33","310.00","332.62","307.25","105.87M","7.91%"
"2022- 03- 21","307.05","304.99","314.28","302.36","81.98M","1.74%"
"2022- 03- 18","301.80","291.50","302.62","289.13","100.41M","3.88%"
"2022- 03- 17","290.53","277.00","291.67","275.24","66.58M","3.73%"
"2022- 03- 16","280.08","269.67","280.67","267.42","84.03M","4.78%"
"2022- 03- 15","267.30","258.42","268.52","252.19","66.84M","4.63%"
"2022- 03- 14","255.46","260.20","266.90","252.01","71.15M","-3.64%"
"2022- 03- 11","265.12","280.07","281.27","264.59","67.04M","-5.12%"
"2022- 03- 10","279.43","283.82","284.82","270.12","58.65M","-2.41%"
"2022- 03- 09","286.32","279.83","286.85","277.34","59.18M","4.19%"
"2022- 03- 08","274.80","265.18","283.33","260.72","80.40M","2.46%"
"2022- 03- 07","268.19","285.43","288.71","268.19","72.49M","-4.02%"
"2022- 03- 04","279.43","283.03","285.22","275.05","67.18M","-0.12%"
"2022- 03- 03","279.76","292.92","295.48","277.53","61.62M","-4.62%"
"2022- 03- 02","293.30","290.71","295.49","281.42","74.64M","1.80%"
"2022- 03- 01","288.12","289.89","296.63","284.59","74.77M","-0.70%"
"2022- 02- 28","290.14","271.67","292.29","271.57","99.01M","7.48%"
"2022- 02- 25","269.96","269.74","273.17","260.80","76.07M","1.14%"
"2022- 02- 24","266.92","233.46","267.49","233.33","135.32M","4.81%"
"2022- 02- 23","254.68","276.81","278.43","253.52","95.26M","-7.00%"
"2022- 02- 22","273.84","278.04","285.58","267.03","83.29M","-4.14%"
"2022- 02- 18","285.66","295.33","295.62","279.20","68.50M","-2.21%"
"2022- 02- 17","292.12","304.42","306.17","291.37","55.18M","-5.09%"
"2022- 02- 16","307.80","304.68","308.81","300.40","51.29M","0.10%"
"2022- 02- 15","307.48","300.00","307.67","297.79","57.65M","5.33%"
"2022- 02- 14","291.92","287.19","299.63","284.38","67.76M","1.83%"
"2022- 02- 11","286.67","303.21","305.32","283.57","79.65M","-4.93%"
"2022- 02- 10","301.52","302.79","314.60","298.90","66.13M","-2.95%"
"2022- 02- 09","310.67","311.67","315.42","306.67","52.26M","1.09%"
"2022- 02- 08","307.33","301.84","308.76","298.27","50.73M","1.61%"
"2022- 02- 07","302.45","307.93","315.92","300.90","60.99M","-1.73%"
"2022- 02- 04","307.77","299.07","312.17","293.72","73.63M","3.61%"
"2022- 02- 03","297.05","294.00","312.33","293.51","78.86M","-1.60%"
"2022- 02- 02","301.89","309.39","310.50","296.47","66.79M","-2.75%"
"2022- 02- 01","310.42","311.74","314.57","301.67","73.14M","-0.58%"
"2022- 01- 31","312.24","290.90","312.66","287.35","104.44M","10.68%"
"2022- 01- 28","282.12","277.19","285.83","264.00","134.79M","2.08%"
"2022- 01- 27","276.37","311.12","311.80","276.33","147.11M","-11.55%"
"2022- 01- 26","312.47","317.48","329.23","302.00","104.87M","2.07%"
"2022- 01- 25","306.13","304.73","317.09","301.07","86.60M","-1.25%"
"2022- 01- 24","310.00","301.59","311.17","283.82","152.38M","-1.47%"
"2022- 01- 21","314.63","332.11","334.85","313.50","103.42M","-5.26%"
"2022- 01- 20","332.09","336.58","347.22","331.33","70.49M","0.06%"
"2022- 01- 19","331.88","347.23","351.56","331.67","75.44M","-3.38%"
"2022- 01- 18","343.50","342.20","356.93","338.69","66.99M","-1.82%"
"2022- 01- 14","349.87","339.96","350.67","337.79","72.92M","1.75%"
"2022- 01- 13","343.85","369.69","371.87","342.18","97.21M","-6.75%"
"2022- 01- 12","368.74","359.62","371.61","357.53","83.74M","3.93%"
"2022- 01- 11","354.80","351.22","358.62","346.27","66.06M","0.59%"
"2022- 01- 10","352.71","333.33","353.03","326.67","91.81M","3.04%"
"2022- 01- 07","342.32","360.12","360.31","336.67","84.16M","-3.54%"
"2022- 01- 06","354.90","359.00","362.67","340.17","90.34M","-2.15%"
"2022- 01- 05","362.71","382.22","390.11","360.34","80.12M","-5.35%"
"2022- 01- 04","383.20","396.52","402.67","374.35","100.25M","-4.18%"
"2022- 01- 03","399.93","382.58","400.36","378.68","104.69M","13.53%"
"2021- 12- 31","352.26","357.81","360.67","351.53","40.73M","-1.27%"
"2021- 12- 30","356.78","353.78","365.18","351.05","47.04M","-1.46%"
"2021- 12- 29","362.06","366.21","368.00","354.71","56.15M","-0.21%"
"2021- 12- 28","362.82","369.83","373.00","359.47","60.32M","-0.50%"
"2021- 12- 27","364.65","357.89","372.33","356.90","71.15M","2.52%"
"2021- 12- 23","355.67","335.60","357.66","332.52","92.71M","5.76%"
"2021- 12- 22","336.29","321.89","338.55","319.02","93.63M","7.50%"
"2021- 12- 21","312.84","305.62","313.17","295.37","71.52M","4.29%"
"2021- 12- 20","299.98","303.57","307.23","297.80","56.48M","-3.50%"
"2021- 12- 17","310.86","304.92","320.22","303.01","100.88M","0.61%"
"2021- 12- 16","308.97","331.50","331.66","307.28","82.77M","-5.03%"
"2021- 12- 15","325.33","317.74","326.25","309.42","75.17M","1.82%"
"2021- 12- 14","319.50","315.00","322.14","310.00","70.81M","-0.82%"
"2021- 12- 13","322.14","333.70","335.00","317.14","78.60M","-4.98%"
"2021- 12- 10","339.01","336.25","340.33","327.51","59.66M","1.32%"
"2021- 12- 09","334.60","353.55","354.16","334.12","59.44M","-6.10%"
"2021- 12- 08","356.32","350.90","357.46","344.33","41.91M","1.64%"
"2021- 12- 07","350.58","348.07","352.56","342.27","56.08M","4.23%"
"2021- 12- 06","336.34","333.84","340.55","316.83","81.66M","-0.59%"
"2021- 12- 03","338.32","361.60","363.52","333.40","92.32M","-6.42%"
"2021- 12- 02","361.53","366.35","371.00","352.22","73.11M","-0.95%"
"2021- 12- 01","365.00","386.90","390.95","363.59","68.80M","-4.35%"
"2021- 11- 30","381.59","381.46","389.33","372.67","81.28M","0.68%"
"2021- 11- 29","379.00","367.00","380.89","366.73","58.39M","5.09%"
"2021- 11- 26","360.64","366.49","369.59","360.33","35.04M","-3.05%"
"2021- 11- 24","372.00","360.13","377.59","354.00","67.68M","0.63%"
"2021- 11- 23","369.68","389.17","393.50","354.23","108.52M","-4.13%"
"2021- 11- 22","385.62","387.44","400.65","377.48","99.22M","1.74%"
"2021- 11- 19","379.02","366.29","379.57","364.23","64.93M","3.71%"
"2021- 11- 18","365.46","368.85","370.67","358.34","62.70M","0.68%"
"2021- 11- 17","363.00","354.50","373.21","351.83","94.34M","3.25%"
"2021- 11- 16","351.58","334.44","352.40","334.06","79.63M","4.08%"
"2021- 11- 15","337.80","339.21","343.99","326.20","104.33M","-1.94%"
"2021- 11- 12","344.47","349.17","351.50","339.73","76.72M","-2.83%"
"2021- 11- 11","354.50","367.59","368.32","351.56","67.19M","-0.42%"
"2021- 11- 10","355.98","336.80","359.37","329.10","128.41M","4.34%"
"2021- 11- 09","341.17","391.20","391.50","337.17","177.32M","-11.99%"
"2021- 11- 08","387.65","383.26","399.00","377.67","100.34M","-4.84%"
"2021- 11- 05","407.36","409.33","413.29","402.67","64.89M","-0.64%"
"2021- 11- 04","409.97","411.47","414.50","405.67","76.19M","1.32%"
"2021- 11- 03","404.62","392.44","405.13","384.21","103.89M","3.57%"
"2021- 11- 02","390.67","386.45","402.86","382.00","128.21M","-3.03%"
"2021- 11- 01","402.86","381.67","403.25","372.89","168.15M","8.49%"
"2021- 10- 29","371.33","360.62","371.74","357.73","89.76M","3.43%"
"2021- 10- 28","359.01","356.10","360.33","351.40","81.64M","3.78%"
"2021- 10- 27","345.95","346.55","356.96","343.59","115.58M","1.91%"
"2021- 10- 26","339.48","341.56","364.98","333.81","187.25M","-0.63%"
"2021- 10- 25","341.62","316.84","348.34","314.73","188.56M","12.66%"
"2021- 10- 22","303.23","298.50","303.33","296.99","68.64M","1.76%"
"2021- 10- 21","298.00","285.33","300.00","285.17","94.44M","3.26%"
"2021- 10- 20","288.60","288.45","289.83","285.79","42.10M","0.18%"
"2021- 10- 19","288.09","292.51","292.65","287.50","52.14M","-0.67%"
"2021- 10- 18","290.04","283.93","291.75","283.82","72.62M","3.21%"
"2021- 10- 15","281.01","274.58","281.07","274.12","56.77M","3.02%"
"2021- 10- 14","272.77","271.83","273.42","271.12","36.74M","0.89%"
"2021- 10- 13","270.36","270.16","271.80","268.59","42.36M","0.67%"
"2021- 10- 12","268.57","266.98","270.77","265.52","66.06M","1.74%"
"2021- 10- 11","263.98","262.55","267.08","261.83","42.60M","0.82%"
"2021- 10- 08","261.83","265.40","265.46","260.30","50.22M","-1.02%"
"2021- 10- 07","264.54","261.82","268.33","261.13","57.59M","1.39%"
"2021- 10- 06","260.92","258.73","262.22","257.74","43.90M","0.28%"
"2021- 10- 05","260.20","261.60","265.77","258.07","55.30M","-0.12%"
"2021- 10- 04","260.51","265.50","268.99","258.71","91.45M","0.81%"
"2021- 10- 01","258.41","259.47","260.26","254.53","51.09M","-0.03%"
"2021- 09- 30","258.49","260.33","263.04","258.33","53.87M","-0.75%"
"2021- 09- 29","260.44","259.93","264.50","256.89","62.83M","0.48%"
"2021- 09- 28","259.19","262.40","265.21","255.39","76.14M","-1.74%"
"2021- 09- 27","263.79","257.71","266.33","256.44","84.21M","2.19%"
"2021- 09- 24","258.13","248.63","258.27","248.19","64.12M","2.75%"
"2021- 09- 23","251.21","251.67","252.73","249.31","35.84M","0.22%"
"2021- 09- 22","250.65","247.84","251.22","246.37","45.38M","1.70%"
"2021- 09- 21","246.46","244.93","248.25","243.48","48.99M","1.26%"
"2021- 09- 20","243.39","244.85","247.33","239.54","74.27M","-3.86%"
"2021- 09- 17","253.16","252.38","253.68","250.00","84.61M","0.33%"
"2021- 09- 16","252.33","250.94","252.97","249.20","41.77M","0.15%"
"2021- 09- 15","251.94","248.33","252.29","246.12","46.07M","1.52%"
"2021- 09- 14","248.16","247.52","251.49","245.47","55.57M","0.20%"
"2021- 09- 13","247.67","246.74","248.26","236.28","68.86M","0.92%"
"2021- 09- 10","245.42","253.20","254.20","244.84","45.55M","-2.46%"
"2021- 09- 09","251.62","251.14","254.03","250.54","42.23M","0.13%"
"2021- 09- 08","251.29","253.86","254.82","246.92","56.38M","0.13%"
"2021- 09- 07","250.97","246.67","253.40","246.42","60.12M","2.64%"
"2021- 09- 03","244.52","244.08","244.67","241.40","45.81M","0.16%"
"2021- 09- 02","244.13","244.83","246.99","243.51","38.39M","-0.23%"
"2021- 09- 01","244.70","244.69","247.33","243.76","39.61M","-0.22%"
"2021- 08- 31","245.24","244.33","246.80","242.15","62.57M","0.66%"
"2021- 08- 30","243.64","238.24","243.67","237.58","55.81M","2.67%"
"2021- 08- 27","237.31","235.00","238.33","234.03","41.50M","1.54%"
"2021- 08- 26","233.72","236.10","238.47","232.54","39.64M","-1.41%"
"2021- 08- 25","237.07","235.68","238.99","234.67","37.94M","0.39%"
"2021- 08- 24","236.16","236.89","238.41","234.21","39.25M","0.31%"
"2021- 08- 23","235.43","228.48","237.38","226.92","60.79M","3.83%"
"2021- 08- 20","226.75","227.62","230.71","224.57","44.53M","1.01%"
"2021- 08- 19","224.49","226.07","228.85","222.53","42.94M","-2.25%"
"2021- 08- 18","229.66","223.25","231.92","223.12","61.05M","3.50%"
"2021- 08- 17","221.90","224.22","224.86","216.28","71.16M","-2.98%"
"2021- 08- 16","228.72","235.02","236.50","225.47","69.31M","-4.33%"
"2021- 08- 13","239.06","241.24","243.30","238.11","50.19M","-0.70%"
"2021- 08- 12","240.75","235.45","240.93","233.13","53.05M","2.04%"
"2021- 08- 11","235.94","237.57","238.39","234.74","29.40M","-0.30%"
"2021- 08- 10","236.66","238.00","238.86","233.96","40.30M","-0.53%"
"2021- 08- 09","237.92","236.72","239.68","235.04","44.15M","2.10%"
"2021- 08- 06","233.03","237.30","238.78","232.54","46.87M","-2.17%"
"2021- 08- 05","238.21","238.67","240.32","237.14","38.76M","0.52%"
"2021- 08- 04","236.97","237.00","241.63","236.31","51.01M","0.16%"
"2021- 08- 03","236.58","239.67","240.88","233.67","64.86M","0.01%"
"2021- 08- 02","236.56","233.33","242.31","232.80","100.85M","3.27%"
"2021- 07- 30","229.07","223.92","232.51","223.00","88.97M","1.46%"
"2021- 07- 29","225.78","216.60","227.90","216.27","91.18M","4.69%"
"2021- 07- 28","215.66","215.66","218.32","213.13","48.02M","0.34%"
"2021- 07- 27","214.93","221.13","222.17","209.08","98.44M","-1.95%"
"2021- 07- 26","219.21","216.99","222.73","215.70","76.01M","2.21%"
"2021- 07- 23","214.46","215.45","216.27","212.43","43.81M","-0.91%"
"2021- 07- 22","216.42","218.81","220.72","214.87","45.32M","-0.92%"
"2021- 07- 21","218.43","219.87","221.62","216.76","41.86M","-0.79%"
"2021- 07- 20","220.17","217.33","220.80","213.50","46.46M","2.21%"
"2021- 07- 19","215.41","209.96","215.73","207.10","63.89M","0.31%"
"2021- 07- 16","214.74","218.23","218.90","214.07","49.11M","-0.98%"
"2021- 07- 15","216.87","219.46","222.05","212.63","60.63M","-0.42%"
"2021- 07- 14","217.79","223.58","226.20","217.61","64.92M","-2.27%"
"2021- 07- 13","222.85","228.77","231.09","222.10","62.90M","-2.50%"
"2021- 07- 12","228.57","220.73","229.08","220.72","77.78M","4.38%"
"2021- 07- 09","218.98","217.73","219.64","214.90","54.42M","0.63%"
"2021- 07- 08","217.60","209.46","218.14","206.82","68.32M","1.27%"
"2021- 07- 07","214.88","221.42","221.90","212.77","56.38M","-2.27%"
"2021- 07- 06","219.86","227.24","228.00","217.13","69.85M","-2.85%"
"2021- 07- 02","226.30","226.33","233.33","224.42","81.29M","0.15%"
"2021- 07- 01","225.97","227.97","229.33","224.27","55.90M","-0.26%"
"2021- 06- 30","226.57","226.59","230.94","226.05","56.77M","-0.15%"
"2021- 06- 29","226.92","228.22","229.17","225.30","52.14M","-1.15%"
"2021- 06- 28","229.57","223.88","231.57","223.44","64.88M","2.50%"
"2021- 06- 25","223.96","229.86","231.27","222.90","97.49M","-1.17%"
"2021- 06- 24","226.61","225.00","232.54","222.54","137.95M","3.54%"
"2021- 06- 23","218.86","210.67","219.07","210.01","93.30M","5.27%"
"2021- 06- 22","207.90","206.08","209.52","205.17","57.48M","0.46%"
"2021- 06- 21","206.94","208.16","210.46","202.96","74.44M","-0.40%"
"2021- 06- 18","207.77","204.46","209.45","203.93","73.68M","1.09%"
"2021- 06- 17","205.53","200.63","207.16","200.45","68.10M","1.94%"
"2021- 06- 16","201.62","199.18","202.83","197.83","66.43M","0.92%"
"2021- 06- 15","199.79","205.56","205.60","199.41","53.29M","-2.97%"
"2021- 06- 14","205.90","204.08","208.50","203.06","61.27M","1.28%"
"2021- 06- 11","203.30","203.41","204.19","200.51","48.62M","-0.03%"
"2021- 06- 10","203.37","201.29","205.53","200.17","71.76M","1.89%"
"2021- 06- 09","199.59","200.72","203.93","199.21","49.75M","-0.80%"
"2021- 06- 08","201.20","207.67","207.70","198.50","78.16M","-0.25%"
"2021- 06- 07","201.71","197.27","203.33","194.29","67.63M","1.02%"
"2021- 06- 04","199.68","193.24","200.20","192.40","72.11M","4.57%"
"2021- 06- 03","190.95","200.60","201.52","190.41","90.34M","-5.33%"
"2021- 06- 02","201.71","206.71","207.79","199.71","69.91M","-3.01%"
"2021- 06- 01","207.97","209.27","211.27","206.85","54.25M","-0.21%"
"2021- 05- 28","208.41","209.50","211.86","207.46","68.21M","-0.89%"
"2021- 05- 27","210.28","206.75","210.38","205.40","79.11M","1.89%"
"2021- 05- 26","206.38","202.52","208.72","200.50","85.92M","2.39%"
"2021- 05- 25","201.56","202.44","204.66","198.57","84.02M","-0.29%"
"2021- 05- 24","202.15","193.87","204.83","191.22","103.67M","4.40%"
"2021- 05- 21","193.63","198.70","198.89","193.33","78.09M","-1.00%"
"2021- 05- 20","195.59","191.67","196.28","190.36","92.46M","4.14%"
"2021- 05- 19","187.82","184.18","188.74","182.33","118.74M","-2.49%"
"2021- 05- 18","192.62","189.33","198.75","187.79","110.49M","0.18%"
"2021- 05- 17","192.28","191.85","196.58","187.07","97.17M","-2.19%"
"2021- 05- 14","196.58","194.47","197.62","190.15","100.11M","3.16%"
"2021- 05- 13","190.56","200.51","202.15","186.55","132.55M","-3.09%"
"2021- 05- 12","196.63","200.83","206.80","195.59","101.47M","-4.42%"
"2021- 05- 11","205.73","199.75","209.03","198.53","139.51M","-1.88%"
"2021- 05- 10","209.68","221.63","221.68","209.20","94.18M","-6.44%"
"2021- 05- 07","224.12","221.93","230.00","220.07","70.41M","1.33%"
"2021- 05- 06","221.18","226.92","227.01","216.67","83.35M","-1.10%"
"2021- 05- 05","223.65","227.02","228.43","222.45","65.71M","-0.39%"
"2021- 05- 04","224.53","226.31","227.82","219.23","89.22M","-1.65%"
"2021- 05- 03","228.30","234.60","235.33","226.83","81.13M","-3.46%"
"2021- 04- 30","236.48","222.53","238.49","222.05","122.28M","4.79%"
"2021- 04- 29","225.67","233.17","234.08","222.83","86.54M","-2.51%"
"2021- 04- 28","231.47","232.14","236.17","231.20","66.81M","-1.46%"
"2021- 04- 27","234.91","239.32","241.33","234.45","88.31M","-4.54%"
"2021- 04- 26","246.07","247.00","249.77","244.20","93.12M","1.21%"
"2021- 04- 23","243.13","239.93","245.79","238.49","85.24M","1.35%"
"2021- 04- 22","239.90","247.17","251.26","239.35","106.77M","-3.28%"
"2021- 04- 21","248.04","234.92","248.28","232.67","93.65M","3.50%"
"2021- 04- 20","239.66","239.14","245.75","236.89","106.83M","0.61%"
"2021- 04- 19","238.21","239.87","241.80","230.60","119.06M","-3.40%"
"2021- 04- 16","246.59","242.88","249.80","241.53","83.94M","0.13%"
"2021- 04- 15","246.28","247.70","247.90","240.44","83.55M","0.90%"
"2021- 04- 14","244.08","256.90","260.26","242.68","147.05M","-3.95%"
"2021- 04- 13","254.11","237.57","254.33","236.89","133.96M","8.60%"
"2021- 04- 12","233.99","228.57","234.93","227.36","87.41M","3.69%"
"2021- 04- 09","225.67","225.92","226.99","223.14","64.31M","-0.99%"
"2021- 04- 08","227.93","225.79","229.85","223.88","71.77M","1.91%"
"2021- 04- 07","223.66","229.00","230.46","222.61","78.93M","-2.98%"
"2021- 04- 06","230.54","230.10","232.18","227.12","84.82M","0.08%"
"2021- 04- 05","230.35","235.90","236.05","228.23","125.53M","4.43%"
"2021- 04- 01","220.58","229.46","230.81","219.81","105.90M","-0.93%"
"2021- 03- 31","222.64","215.54","224.00","213.70","100.01M","5.08%"
"2021- 03- 30","211.87","200.58","212.55","197.00","118.30M","3.98%"
"2021- 03- 29","203.76","205.21","205.49","198.67","85.91M","-1.20%"
"2021- 03- 26","206.24","213.96","214.61","199.96","101.56M","-3.38%"
"2021- 03- 25","213.46","204.33","215.17","203.17","117.67M","1.60%"
"2021- 03- 24","210.09","222.64","222.67","210.04","101.39M","-4.82%"
"2021- 03- 23","220.72","225.26","225.93","219.17","91.48M","-1.17%"
"2021- 03- 22","223.33","228.20","233.21","222.92","118.54M","2.31%"
"2021- 03- 19","218.29","215.53","219.08","208.21","128.68M","0.26%"
"2021- 03- 18","217.72","228.10","229.74","217.33","100.11M","-6.93%"
"2021- 03- 17","233.94","218.96","234.58","217.00","121.12M","3.68%"
"2021- 03- 16","225.63","234.45","235.97","223.67","96.59M","-4.39%"
"2021- 03- 15","235.98","231.36","237.73","228.01","88.27M","2.05%"
"2021- 03- 12","231.24","223.33","231.63","222.05","100.75M","-0.84%"
"2021- 03- 11","233.20","233.13","234.17","225.73","108.76M","4.72%"
"2021- 03- 10","222.69","233.43","239.28","218.35","181.82M","-0.82%"
"2021- 03- 09","224.53","202.73","226.03","198.40","202.57M","19.64%"
"2021- 03- 08","187.67","200.18","206.71","186.26","155.36M","-5.84%"
"2021- 03- 05","199.32","208.69","209.28","179.83","268.19M","-3.78%"
"2021- 03- 04","207.15","218.60","222.82","200.00","197.76M","-4.86%"
"2021- 03- 03","217.73","229.33","233.57","217.23","90.62M","-4.84%"
"2021- 03- 02","228.81","239.43","240.37","228.33","71.20M","-4.46%"
"2021- 03- 01","239.48","230.04","239.67","228.35","81.41M","6.36%"
"2021- 02- 26","225.17","233.33","235.57","219.84","123.27M","-0.99%"
"2021- 02- 25","227.41","242.05","245.74","223.53","117.07M","-8.06%"
"2021- 02- 24","247.34","237.28","248.33","231.39","110.30M","6.18%"
"2021- 02- 23","232.95","220.71","237.87","206.33","199.82M","-2.19%"
"2021- 02- 22","238.17","254.21","256.17","236.73","111.81M","-8.55%"
"2021- 02- 19","260.43","265.00","265.60","259.12","56.87M","-0.77%"
"2021- 02- 18","262.46","260.30","264.90","258.76","53.87M","-1.35%"
"2021- 02- 17","266.05","259.70","266.61","254.00","78.24M","0.24%"
"2021- 02- 16","265.41","272.67","273.67","264.15","59.41M","-2.44%"
"2021- 02- 12","272.04","267.09","272.44","261.78","71.31M","0.55%"
"2021- 02- 11","270.55","270.81","276.63","267.24","64.87M","0.85%"
"2021- 02- 10","268.27","281.21","281.61","266.67","108.65M","-5.26%"
"2021- 02- 09","283.15","285.04","286.60","280.58","45.47M","-1.62%"
"2021- 02- 08","287.81","289.89","292.59","284.92","60.49M","1.31%"
"2021- 02- 05","284.08","281.67","288.26","279.66","55.70M","0.26%"
"2021- 02- 04","283.33","285.00","285.50","277.81","47.44M","-0.55%"
"2021- 02- 03","284.90","292.34","292.69","284.35","55.03M","-2.07%"
"2021- 02- 02","290.93","281.56","293.50","280.73","73.04M","3.93%"
"2021- 02- 01","279.94","271.43","280.67","265.19","76.17M","5.83%"
"2021- 01- 29","264.51","276.67","280.80","260.03","104.97M","-5.02%"
"2021- 01- 28","278.48","273.33","282.67","267.00","79.13M","-3.32%"
"2021- 01- 27","288.05","290.12","297.17","286.22","82.00M","-2.14%"
"2021- 01- 26","294.36","297.13","298.63","290.53","69.39M","0.26%"
"2021- 01- 25","293.60","285.00","300.13","279.61","123.52M","4.04%"
"2021- 01- 22","282.21","278.10","282.67","276.21","60.20M","0.20%"
"2021- 01- 21","281.66","285.00","285.24","280.47","61.79M","-0.64%"
"2021- 01- 20","283.48","286.25","286.50","279.09","77.00M","0.70%"
"2021- 01- 19","281.52","279.27","283.33","277.67","76.10M","2.23%"
"2021- 01- 15","275.39","284.00","286.63","273.03","116.33M","-2.23%"
"2021- 01- 14","281.67","281.13","287.67","279.58","93.80M","-1.10%"
"2021- 01- 13","284.80","284.25","286.82","277.33","99.94M","0.58%"
"2021- 01- 12","283.15","277.00","289.33","275.78","138.81M","4.72%"
"2021- 01- 11","270.40","283.13","284.81","267.87","178.66M","-7.82%"
"2021- 01- 08","293.34","285.33","294.83","279.46","225.17M","7.84%"
"2021- 01- 07","272.01","259.21","272.33","258.40","154.50M","7.94%"
"2021- 01- 06","251.99","252.83","258.00","249.70","134.10M","2.84%"
"2021- 01- 05","245.04","241.22","246.95","239.73","96.74M","0.73%"
"2021- 01- 04","243.26","239.82","248.16","239.06","145.91M","3.42%"